copy_cossim,cossim,encoder,horizon_step,horizon_trained,model,n_windows,seed
0.922547,0.858682,vit_s16,1,8,dit_x0_actseq,4819,0
0.892225,0.843539,vit_s16,2,8,dit_x0_actseq,4819,0
0.871044,0.832935,vit_s16,3,8,dit_x0_actseq,4819,0
0.855287,0.824327,vit_s16,4,8,dit_x0_actseq,4819,0
0.842683,0.816519,vit_s16,5,8,dit_x0_actseq,4819,0
0.832069,0.809259,vit_s16,6,8,dit_x0_actseq,4819,0
0.822975,0.802632,vit_s16,7,8,dit_x0_actseq,4819,0
0.814762,0.79838,vit_s16,8,8,dit_x0_actseq,4819,0
0.922547,0.910164,vit_s16,1,8,mlp_flat_actseq,4819,0
0.892225,0.87694,vit_s16,2,8,mlp_flat_actseq,4819,0
0.871044,0.855308,vit_s16,3,8,mlp_flat_actseq,4819,0
0.855287,0.841183,vit_s16,4,8,mlp_flat_actseq,4819,0
0.842683,0.830659,vit_s16,5,8,mlp_flat_actseq,4819,0
0.832069,0.821886,vit_s16,6,8,mlp_flat_actseq,4819,0
0.822975,0.814104,vit_s16,7,8,mlp_flat_actseq,4819,0
0.814762,0.808101,vit_s16,8,8,mlp_flat_actseq,4819,0
0.922547,0.825783,vit_s16,1,8,dit_x0_single,4819,0
0.892225,0.823054,vit_s16,2,8,dit_x0_single,4819,0
0.871044,0.818719,vit_s16,3,8,dit_x0_single,4819,0
0.855287,0.815473,vit_s16,4,8,dit_x0_single,4819,0
0.842683,0.811002,vit_s16,5,8,dit_x0_single,4819,0
0.832069,0.807173,vit_s16,6,8,dit_x0_single,4819,0
0.822975,0.802774,vit_s16,7,8,dit_x0_single,4819,0
0.814762,0.799767,vit_s16,8,8,dit_x0_single,4819,0
0.922547,0.917611,vit_s16,1,8,mlp_residual_single,4819,0
0.892225,0.883783,vit_s16,2,8,mlp_residual_single,4819,0
0.871044,0.860695,vit_s16,3,8,mlp_residual_single,4819,0
0.855287,0.846098,vit_s16,4,8,mlp_residual_single,4819,0
0.842683,0.835522,vit_s16,5,8,mlp_residual_single,4819,0
0.832069,0.826278,vit_s16,6,8,mlp_residual_single,4819,0
0.822975,0.818847,vit_s16,7,8,mlp_residual_single,4819,0
0.814762,0.814255,vit_s16,8,8,mlp_residual_single,4819,0
0.922547,0.858167,vit_s16,1,8,dit_x0_actseq,4819,1
0.892225,0.84469,vit_s16,2,8,dit_x0_actseq,4819,1
0.871044,0.834154,vit_s16,3,8,dit_x0_actseq,4819,1
0.855287,0.825958,vit_s16,4,8,dit_x0_actseq,4819,1
0.842683,0.819081,vit_s16,5,8,dit_x0_actseq,4819,1
0.832069,0.813206,vit_s16,6,8,dit_x0_actseq,4819,1
0.822975,0.80764,vit_s16,7,8,dit_x0_actseq,4819,1
0.814762,0.803394,vit_s16,8,8,dit_x0_actseq,4819,1
0.922547,0.911547,vit_s16,1,8,mlp_flat_actseq,4819,1
0.892225,0.877713,vit_s16,2,8,mlp_flat_actseq,4819,1
0.871044,0.856773,vit_s16,3,8,mlp_flat_actseq,4819,1
0.855287,0.843637,vit_s16,4,8,mlp_flat_actseq,4819,1
0.842683,0.833722,vit_s16,5,8,mlp_flat_actseq,4819,1
0.832069,0.824565,vit_s16,6,8,mlp_flat_actseq,4819,1
0.822975,0.817244,vit_s16,7,8,mlp_flat_actseq,4819,1
0.814762,0.809833,vit_s16,8,8,mlp_flat_actseq,4819,1
0.922547,0.829127,vit_s16,1,8,dit_x0_single,4819,1
0.892225,0.826004,vit_s16,2,8,dit_x0_single,4819,1
0.871044,0.820938,vit_s16,3,8,dit_x0_single,4819,1
0.855287,0.817662,vit_s16,4,8,dit_x0_single,4819,1
0.842683,0.813775,vit_s16,5,8,dit_x0_single,4819,1
0.832069,0.810579,vit_s16,6,8,dit_x0_single,4819,1
0.822975,0.806568,vit_s16,7,8,dit_x0_single,4819,1
0.814762,0.802431,vit_s16,8,8,dit_x0_single,4819,1
0.922547,0.916922,vit_s16,1,8,mlp_residual_single,4819,1
0.892225,0.882441,vit_s16,2,8,mlp_residual_single,4819,1
0.871044,0.859527,vit_s16,3,8,mlp_residual_single,4819,1
0.855287,0.843031,vit_s16,4,8,mlp_residual_single,4819,1
0.842683,0.83163,vit_s16,5,8,mlp_residual_single,4819,1
0.832069,0.821859,vit_s16,6,8,mlp_residual_single,4819,1
0.822975,0.814495,vit_s16,7,8,mlp_residual_single,4819,1
0.814762,0.809856,vit_s16,8,8,mlp_residual_single,4819,1
0.922547,0.856764,vit_s16,1,8,dit_x0_actseq,4819,2
0.892225,0.842838,vit_s16,2,8,dit_x0_actseq,4819,2
0.871044,0.83287,vit_s16,3,8,dit_x0_actseq,4819,2
0.855287,0.824383,vit_s16,4,8,dit_x0_actseq,4819,2
0.842683,0.817719,vit_s16,5,8,dit_x0_actseq,4819,2
0.832069,0.81044,vit_s16,6,8,dit_x0_actseq,4819,2
0.822975,0.80522,vit_s16,7,8,dit_x0_actseq,4819,2
0.814762,0.800866,vit_s16,8,8,dit_x0_actseq,4819,2
0.922547,0.911136,vit_s16,1,8,mlp_flat_actseq,4819,2
0.892225,0.87652,vit_s16,2,8,mlp_flat_actseq,4819,2
0.871044,0.855043,vit_s16,3,8,mlp_flat_actseq,4819,2
0.855287,0.841421,vit_s16,4,8,mlp_flat_actseq,4819,2
0.842683,0.831919,vit_s16,5,8,mlp_flat_actseq,4819,2
0.832069,0.824768,vit_s16,6,8,mlp_flat_actseq,4819,2
0.822975,0.817475,vit_s16,7,8,mlp_flat_actseq,4819,2
0.814762,0.811006,vit_s16,8,8,mlp_flat_actseq,4819,2
0.922547,0.828821,vit_s16,1,8,dit_x0_single,4819,2
0.892225,0.822451,vit_s16,2,8,dit_x0_single,4819,2
0.871044,0.819744,vit_s16,3,8,dit_x0_single,4819,2
0.855287,0.816232,vit_s16,4,8,dit_x0_single,4819,2
0.842683,0.813094,vit_s16,5,8,dit_x0_single,4819,2
0.832069,0.807655,vit_s16,6,8,dit_x0_single,4819,2
0.822975,0.805065,vit_s16,7,8,dit_x0_single,4819,2
0.814762,0.802173,vit_s16,8,8,dit_x0_single,4819,2
0.922547,0.917376,vit_s16,1,8,mlp_residual_single,4819,2
0.892225,0.882968,vit_s16,2,8,mlp_residual_single,4819,2
0.871044,0.858835,vit_s16,3,8,mlp_residual_single,4819,2
0.855287,0.842688,vit_s16,4,8,mlp_residual_single,4819,2
0.842683,0.831316,vit_s16,5,8,mlp_residual_single,4819,2
0.832069,0.822388,vit_s16,6,8,mlp_residual_single,4819,2
0.822975,0.814067,vit_s16,7,8,mlp_residual_single,4819,2
0.814762,0.809573,vit_s16,8,8,mlp_residual_single,4819,2
0.922684,0.838034,vit_s16,1,16,dit_x0_actseq,3619,0
0.892281,0.829036,vit_s16,2,16,dit_x0_actseq,3619,0
0.870598,0.820933,vit_s16,3,16,dit_x0_actseq,3619,0
0.85491,0.814539,vit_s16,4,16,dit_x0_actseq,3619,0
0.842103,0.809684,vit_s16,5,16,dit_x0_actseq,3619,0
0.831306,0.80557,vit_s16,6,16,dit_x0_actseq,3619,0
0.822286,0.802009,vit_s16,7,16,dit_x0_actseq,3619,0
0.814083,0.798698,vit_s16,8,16,dit_x0_actseq,3619,0
0.807286,0.795633,vit_s16,9,16,dit_x0_actseq,3619,0
0.801078,0.792225,vit_s16,10,16,dit_x0_actseq,3619,0
0.795418,0.789941,vit_s16,11,16,dit_x0_actseq,3619,0
0.790112,0.786143,vit_s16,12,16,dit_x0_actseq,3619,0
0.785318,0.783364,vit_s16,13,16,dit_x0_actseq,3619,0
0.781305,0.779565,vit_s16,14,16,dit_x0_actseq,3619,0
0.777207,0.776958,vit_s16,15,16,dit_x0_actseq,3619,0
0.773482,0.774566,vit_s16,16,16,dit_x0_actseq,3619,0
0.922684,0.913163,vit_s16,1,16,mlp_flat_actseq,3619,0
0.892281,0.87642,vit_s16,2,16,mlp_flat_actseq,3619,0
0.870598,0.855287,vit_s16,3,16,mlp_flat_actseq,3619,0
0.85491,0.842232,vit_s16,4,16,mlp_flat_actseq,3619,0
0.842103,0.833157,vit_s16,5,16,mlp_flat_actseq,3619,0
0.831306,0.825984,vit_s16,6,16,mlp_flat_actseq,3619,0
0.822286,0.820324,vit_s16,7,16,mlp_flat_actseq,3619,0
0.814083,0.8153,vit_s16,8,16,mlp_flat_actseq,3619,0
0.807286,0.810697,vit_s16,9,16,mlp_flat_actseq,3619,0
0.801078,0.807543,vit_s16,10,16,mlp_flat_actseq,3619,0
0.795418,0.802859,vit_s16,11,16,mlp_flat_actseq,3619,0
0.790112,0.800872,vit_s16,12,16,mlp_flat_actseq,3619,0
0.785318,0.796833,vit_s16,13,16,mlp_flat_actseq,3619,0
0.781305,0.793401,vit_s16,14,16,mlp_flat_actseq,3619,0
0.777207,0.789436,vit_s16,15,16,mlp_flat_actseq,3619,0
0.773482,0.78598,vit_s16,16,16,mlp_flat_actseq,3619,0
0.922684,0.80071,vit_s16,1,16,dit_x0_single,3619,0
0.892281,0.797389,vit_s16,2,16,dit_x0_single,3619,0
0.870598,0.794764,vit_s16,3,16,dit_x0_single,3619,0
0.85491,0.795122,vit_s16,4,16,dit_x0_single,3619,0
0.842103,0.791629,vit_s16,5,16,dit_x0_single,3619,0
0.831306,0.789894,vit_s16,6,16,dit_x0_single,3619,0
0.822286,0.787812,vit_s16,7,16,dit_x0_single,3619,0
0.814083,0.785202,vit_s16,8,16,dit_x0_single,3619,0
0.807286,0.783313,vit_s16,9,16,dit_x0_single,3619,0
0.801078,0.782465,vit_s16,10,16,dit_x0_single,3619,0
0.795418,0.78003,vit_s16,11,16,dit_x0_single,3619,0
0.790112,0.778218,vit_s16,12,16,dit_x0_single,3619,0
0.785318,0.775535,vit_s16,13,16,dit_x0_single,3619,0
0.781305,0.77242,vit_s16,14,16,dit_x0_single,3619,0
0.777207,0.772004,vit_s16,15,16,dit_x0_single,3619,0
0.773482,0.770082,vit_s16,16,16,dit_x0_single,3619,0
0.922684,0.918166,vit_s16,1,16,mlp_residual_single,3619,0
0.892281,0.88429,vit_s16,2,16,mlp_residual_single,3619,0
0.870598,0.85962,vit_s16,3,16,mlp_residual_single,3619,0
0.85491,0.842962,vit_s16,4,16,mlp_residual_single,3619,0
0.842103,0.829946,vit_s16,5,16,mlp_residual_single,3619,0
0.831306,0.820689,vit_s16,6,16,mlp_residual_single,3619,0
0.822286,0.813436,vit_s16,7,16,mlp_residual_single,3619,0
0.814083,0.807321,vit_s16,8,16,mlp_residual_single,3619,0
0.807286,0.803452,vit_s16,9,16,mlp_residual_single,3619,0
0.801078,0.798995,vit_s16,10,16,mlp_residual_single,3619,0
0.795418,0.795028,vit_s16,11,16,mlp_residual_single,3619,0
0.790112,0.790048,vit_s16,12,16,mlp_residual_single,3619,0
0.785318,0.785717,vit_s16,13,16,mlp_residual_single,3619,0
0.781305,0.78123,vit_s16,14,16,mlp_residual_single,3619,0
0.777207,0.778792,vit_s16,15,16,mlp_residual_single,3619,0
0.773482,0.777102,vit_s16,16,16,mlp_residual_single,3619,0
0.922684,0.836662,vit_s16,1,16,dit_x0_actseq,3619,1
0.892281,0.828105,vit_s16,2,16,dit_x0_actseq,3619,1
0.870598,0.821196,vit_s16,3,16,dit_x0_actseq,3619,1
0.85491,0.814172,vit_s16,4,16,dit_x0_actseq,3619,1
0.842103,0.809892,vit_s16,5,16,dit_x0_actseq,3619,1
0.831306,0.805553,vit_s16,6,16,dit_x0_actseq,3619,1
0.822286,0.802635,vit_s16,7,16,dit_x0_actseq,3619,1
0.814083,0.799314,vit_s16,8,16,dit_x0_actseq,3619,1
0.807286,0.797799,vit_s16,9,16,dit_x0_actseq,3619,1
0.801078,0.794385,vit_s16,10,16,dit_x0_actseq,3619,1
0.795418,0.791246,vit_s16,11,16,dit_x0_actseq,3619,1
0.790112,0.788338,vit_s16,12,16,dit_x0_actseq,3619,1
0.785318,0.785715,vit_s16,13,16,dit_x0_actseq,3619,1
0.781305,0.783648,vit_s16,14,16,dit_x0_actseq,3619,1
0.777207,0.77971,vit_s16,15,16,dit_x0_actseq,3619,1
0.773482,0.778237,vit_s16,16,16,dit_x0_actseq,3619,1
0.922684,0.912984,vit_s16,1,16,mlp_flat_actseq,3619,1
0.892281,0.876941,vit_s16,2,16,mlp_flat_actseq,3619,1
0.870598,0.855603,vit_s16,3,16,mlp_flat_actseq,3619,1
0.85491,0.842258,vit_s16,4,16,mlp_flat_actseq,3619,1
0.842103,0.83328,vit_s16,5,16,mlp_flat_actseq,3619,1
0.831306,0.826729,vit_s16,6,16,mlp_flat_actseq,3619,1
0.822286,0.819766,vit_s16,7,16,mlp_flat_actseq,3619,1
0.814083,0.815503,vit_s16,8,16,mlp_flat_actseq,3619,1
0.807286,0.811363,vit_s16,9,16,mlp_flat_actseq,3619,1
0.801078,0.807283,vit_s16,10,16,mlp_flat_actseq,3619,1
0.795418,0.803243,vit_s16,11,16,mlp_flat_actseq,3619,1
0.790112,0.799754,vit_s16,12,16,mlp_flat_actseq,3619,1
0.785318,0.796059,vit_s16,13,16,mlp_flat_actseq,3619,1
0.781305,0.792752,vit_s16,14,16,mlp_flat_actseq,3619,1
0.777207,0.789508,vit_s16,15,16,mlp_flat_actseq,3619,1
0.773482,0.784507,vit_s16,16,16,mlp_flat_actseq,3619,1
0.922684,0.801749,vit_s16,1,16,dit_x0_single,3619,1
0.892281,0.799828,vit_s16,2,16,dit_x0_single,3619,1
0.870598,0.796785,vit_s16,3,16,dit_x0_single,3619,1
0.85491,0.79382,vit_s16,4,16,dit_x0_single,3619,1
0.842103,0.794079,vit_s16,5,16,dit_x0_single,3619,1
0.831306,0.790661,vit_s16,6,16,dit_x0_single,3619,1
0.822286,0.789369,vit_s16,7,16,dit_x0_single,3619,1
0.814083,0.78664,vit_s16,8,16,dit_x0_single,3619,1
0.807286,0.786397,vit_s16,9,16,dit_x0_single,3619,1
0.801078,0.784684,vit_s16,10,16,dit_x0_single,3619,1
0.795418,0.780893,vit_s16,11,16,dit_x0_single,3619,1
0.790112,0.77989,vit_s16,12,16,dit_x0_single,3619,1
0.785318,0.777229,vit_s16,13,16,dit_x0_single,3619,1
0.781305,0.776596,vit_s16,14,16,dit_x0_single,3619,1
0.777207,0.773471,vit_s16,15,16,dit_x0_single,3619,1
0.773482,0.771493,vit_s16,16,16,dit_x0_single,3619,1
0.922684,0.919512,vit_s16,1,16,mlp_residual_single,3619,1
0.892281,0.885276,vit_s16,2,16,mlp_residual_single,3619,1
0.870598,0.86077,vit_s16,3,16,mlp_residual_single,3619,1
0.85491,0.8444,vit_s16,4,16,mlp_residual_single,3619,1
0.842103,0.832324,vit_s16,5,16,mlp_residual_single,3619,1
0.831306,0.822857,vit_s16,6,16,mlp_residual_single,3619,1
0.822286,0.815227,vit_s16,7,16,mlp_residual_single,3619,1
0.814083,0.810163,vit_s16,8,16,mlp_residual_single,3619,1
0.807286,0.805411,vit_s16,9,16,mlp_residual_single,3619,1
0.801078,0.801413,vit_s16,10,16,mlp_residual_single,3619,1
0.795418,0.797565,vit_s16,11,16,mlp_residual_single,3619,1
0.790112,0.795464,vit_s16,12,16,mlp_residual_single,3619,1
0.785318,0.790845,vit_s16,13,16,mlp_residual_single,3619,1
0.781305,0.786967,vit_s16,14,16,mlp_residual_single,3619,1
0.777207,0.785479,vit_s16,15,16,mlp_residual_single,3619,1
0.773482,0.783436,vit_s16,16,16,mlp_residual_single,3619,1
0.922684,0.835432,vit_s16,1,16,dit_x0_actseq,3619,2
0.892281,0.826782,vit_s16,2,16,dit_x0_actseq,3619,2
0.870598,0.819661,vit_s16,3,16,dit_x0_actseq,3619,2
0.85491,0.813621,vit_s16,4,16,dit_x0_actseq,3619,2
0.842103,0.809958,vit_s16,5,16,dit_x0_actseq,3619,2
0.831306,0.805763,vit_s16,6,16,dit_x0_actseq,3619,2
0.822286,0.802465,vit_s16,7,16,dit_x0_actseq,3619,2
0.814083,0.799203,vit_s16,8,16,dit_x0_actseq,3619,2
0.807286,0.797143,vit_s16,9,16,dit_x0_actseq,3619,2
0.801078,0.793661,vit_s16,10,16,dit_x0_actseq,3619,2
0.795418,0.790871,vit_s16,11,16,dit_x0_actseq,3619,2
0.790112,0.787969,vit_s16,12,16,dit_x0_actseq,3619,2
0.785318,0.783956,vit_s16,13,16,dit_x0_actseq,3619,2
0.781305,0.781525,vit_s16,14,16,dit_x0_actseq,3619,2
0.777207,0.777882,vit_s16,15,16,dit_x0_actseq,3619,2
0.773482,0.775732,vit_s16,16,16,dit_x0_actseq,3619,2
0.922684,0.914001,vit_s16,1,16,mlp_flat_actseq,3619,2
0.892281,0.878037,vit_s16,2,16,mlp_flat_actseq,3619,2
0.870598,0.856422,vit_s16,3,16,mlp_flat_actseq,3619,2
0.85491,0.843376,vit_s16,4,16,mlp_flat_actseq,3619,2
0.842103,0.834157,vit_s16,5,16,mlp_flat_actseq,3619,2
0.831306,0.827282,vit_s16,6,16,mlp_flat_actseq,3619,2
0.822286,0.821837,vit_s16,7,16,mlp_flat_actseq,3619,2
0.814083,0.816291,vit_s16,8,16,mlp_flat_actseq,3619,2
0.807286,0.812504,vit_s16,9,16,mlp_flat_actseq,3619,2
0.801078,0.808957,vit_s16,10,16,mlp_flat_actseq,3619,2
0.795418,0.805831,vit_s16,11,16,mlp_flat_actseq,3619,2
0.790112,0.80231,vit_s16,12,16,mlp_flat_actseq,3619,2
0.785318,0.798833,vit_s16,13,16,mlp_flat_actseq,3619,2
0.781305,0.795186,vit_s16,14,16,mlp_flat_actseq,3619,2
0.777207,0.791272,vit_s16,15,16,mlp_flat_actseq,3619,2
0.773482,0.787444,vit_s16,16,16,mlp_flat_actseq,3619,2
0.922684,0.799392,vit_s16,1,16,dit_x0_single,3619,2
0.892281,0.796641,vit_s16,2,16,dit_x0_single,3619,2
0.870598,0.793152,vit_s16,3,16,dit_x0_single,3619,2
0.85491,0.791765,vit_s16,4,16,dit_x0_single,3619,2
0.842103,0.791311,vit_s16,5,16,dit_x0_single,3619,2
0.831306,0.789537,vit_s16,6,16,dit_x0_single,3619,2
0.822286,0.786989,vit_s16,7,16,dit_x0_single,3619,2
0.814083,0.785022,vit_s16,8,16,dit_x0_single,3619,2
0.807286,0.783258,vit_s16,9,16,dit_x0_single,3619,2
0.801078,0.780298,vit_s16,10,16,dit_x0_single,3619,2
0.795418,0.779138,vit_s16,11,16,dit_x0_single,3619,2
0.790112,0.779065,vit_s16,12,16,dit_x0_single,3619,2
0.785318,0.775705,vit_s16,13,16,dit_x0_single,3619,2
0.781305,0.773554,vit_s16,14,16,dit_x0_single,3619,2
0.777207,0.770888,vit_s16,15,16,dit_x0_single,3619,2
0.773482,0.768634,vit_s16,16,16,dit_x0_single,3619,2
0.922684,0.921882,vit_s16,1,16,mlp_residual_single,3619,2
0.892281,0.889856,vit_s16,2,16,mlp_residual_single,3619,2
0.870598,0.867567,vit_s16,3,16,mlp_residual_single,3619,2
0.85491,0.852269,vit_s16,4,16,mlp_residual_single,3619,2
0.842103,0.8403,vit_s16,5,16,mlp_residual_single,3619,2
0.831306,0.831451,vit_s16,6,16,mlp_residual_single,3619,2
0.822286,0.824203,vit_s16,7,16,mlp_residual_single,3619,2
0.814083,0.819009,vit_s16,8,16,mlp_residual_single,3619,2
0.807286,0.814437,vit_s16,9,16,mlp_residual_single,3619,2
0.801078,0.81065,vit_s16,10,16,mlp_residual_single,3619,2
0.795418,0.806086,vit_s16,11,16,mlp_residual_single,3619,2
0.790112,0.802039,vit_s16,12,16,mlp_residual_single,3619,2
0.785318,0.79805,vit_s16,13,16,mlp_residual_single,3619,2
0.781305,0.794588,vit_s16,14,16,mlp_residual_single,3619,2
0.777207,0.79156,vit_s16,15,16,mlp_residual_single,3619,2
0.773482,0.791005,vit_s16,16,16,mlp_residual_single,3619,2
0.957298,0.920417,clip_b32,1,8,dit_x0_actseq,4819,0
0.942445,0.914704,clip_b32,2,8,dit_x0_actseq,4819,0
0.93205,0.909941,clip_b32,3,8,dit_x0_actseq,4819,0
0.924205,0.906715,clip_b32,4,8,dit_x0_actseq,4819,0
0.917996,0.903498,clip_b32,5,8,dit_x0_actseq,4819,0
0.912284,0.900911,clip_b32,6,8,dit_x0_actseq,4819,0
0.907106,0.898219,clip_b32,7,8,dit_x0_actseq,4819,0
0.903083,0.896447,clip_b32,8,8,dit_x0_actseq,4819,0
0.957298,0.951567,clip_b32,1,8,mlp_flat_actseq,4819,0
0.942445,0.935217,clip_b32,2,8,mlp_flat_actseq,4819,0
0.93205,0.926014,clip_b32,3,8,mlp_flat_actseq,4819,0
0.924205,0.919894,clip_b32,4,8,mlp_flat_actseq,4819,0
0.917996,0.914673,clip_b32,5,8,mlp_flat_actseq,4819,0
0.912284,0.910462,clip_b32,6,8,mlp_flat_actseq,4819,0
0.907106,0.906244,clip_b32,7,8,mlp_flat_actseq,4819,0
0.903083,0.902447,clip_b32,8,8,mlp_flat_actseq,4819,0
0.958068,0.911617,clip_b32,1,8,dit_x0_single,4819,0
0.943499,0.909202,clip_b32,2,8,dit_x0_single,4819,0
0.933276,0.906852,clip_b32,3,8,dit_x0_single,4819,0
0.925588,0.905218,clip_b32,4,8,dit_x0_single,4819,0
0.919498,0.90373,clip_b32,5,8,dit_x0_single,4819,0
0.91394,0.90217,clip_b32,6,8,dit_x0_single,4819,0
0.908872,0.900035,clip_b32,7,8,dit_x0_single,4819,0
0.904936,0.899033,clip_b32,8,8,dit_x0_single,4819,0
0.957701,0.956849,clip_b32,1,8,mlp_residual_single,4819,0
0.942948,0.941456,clip_b32,2,8,mlp_residual_single,4819,0
0.932572,0.931601,clip_b32,3,8,mlp_residual_single,4819,0
0.924708,0.924566,clip_b32,4,8,mlp_residual_single,4819,0
0.918482,0.919332,clip_b32,5,8,mlp_residual_single,4819,0
0.912815,0.914296,clip_b32,6,8,mlp_residual_single,4819,0
0.907596,0.910104,clip_b32,7,8,mlp_residual_single,4819,0
0.903603,0.907527,clip_b32,8,8,mlp_residual_single,4819,0
0.958491,0.921523,clip_b32,1,8,dit_x0_actseq,4819,1
0.944028,0.916595,clip_b32,2,8,dit_x0_actseq,4819,1
0.933848,0.912463,clip_b32,3,8,dit_x0_actseq,4819,1
0.926102,0.909063,clip_b32,4,8,dit_x0_actseq,4819,1
0.92,0.905777,clip_b32,5,8,dit_x0_actseq,4819,1
0.91443,0.903107,clip_b32,6,8,dit_x0_actseq,4819,1
0.909325,0.901237,clip_b32,7,8,dit_x0_actseq,4819,1
0.905349,0.899198,clip_b32,8,8,dit_x0_actseq,4819,1
0.957319,0.95098,clip_b32,1,8,mlp_flat_actseq,4819,1
0.942461,0.933961,clip_b32,2,8,mlp_flat_actseq,4819,1
0.931989,0.924248,clip_b32,3,8,mlp_flat_actseq,4819,1
0.92405,0.917685,clip_b32,4,8,mlp_flat_actseq,4819,1
0.91774,0.913079,clip_b32,5,8,mlp_flat_actseq,4819,1
0.911963,0.907975,clip_b32,6,8,mlp_flat_actseq,4819,1
0.906693,0.903892,clip_b32,7,8,mlp_flat_actseq,4819,1
0.902611,0.900148,clip_b32,8,8,mlp_flat_actseq,4819,1
0.957319,0.909047,clip_b32,1,8,dit_x0_single,4819,1
0.942461,0.907602,clip_b32,2,8,dit_x0_single,4819,1
0.931989,0.904688,clip_b32,3,8,dit_x0_single,4819,1
0.92405,0.903205,clip_b32,4,8,dit_x0_single,4819,1
0.91774,0.901803,clip_b32,5,8,dit_x0_single,4819,1
0.911963,0.899662,clip_b32,6,8,dit_x0_single,4819,1
0.906693,0.897566,clip_b32,7,8,dit_x0_single,4819,1
0.902611,0.896253,clip_b32,8,8,dit_x0_single,4819,1
0.95694,0.955884,clip_b32,1,8,mlp_residual_single,4819,1
0.941961,0.94038,clip_b32,2,8,mlp_residual_single,4819,1
0.93141,0.930299,clip_b32,3,8,mlp_residual_single,4819,1
0.92344,0.923137,clip_b32,4,8,mlp_residual_single,4819,1
0.917107,0.917914,clip_b32,5,8,mlp_residual_single,4819,1
0.911322,0.913126,clip_b32,6,8,mlp_residual_single,4819,1
0.906019,0.909285,clip_b32,7,8,mlp_residual_single,4819,1
0.90192,0.906309,clip_b32,8,8,mlp_residual_single,4819,1
0.95823,0.920073,clip_b32,1,8,dit_x0_actseq,4819,2
0.943666,0.916182,clip_b32,2,8,dit_x0_actseq,4819,2
0.93346,0.911992,clip_b32,3,8,dit_x0_actseq,4819,2
0.925704,0.909137,clip_b32,4,8,dit_x0_actseq,4819,2
0.919492,0.906208,clip_b32,5,8,dit_x0_actseq,4819,2
0.913836,0.903316,clip_b32,6,8,dit_x0_actseq,4819,2
0.908684,0.901282,clip_b32,7,8,dit_x0_actseq,4819,2
0.90469,0.900099,clip_b32,8,8,dit_x0_actseq,4819,2
0.957919,0.952624,clip_b32,1,8,mlp_flat_actseq,4819,2
0.943215,0.936919,clip_b32,2,8,mlp_flat_actseq,4819,2
0.932937,0.927925,clip_b32,3,8,mlp_flat_actseq,4819,2
0.925153,0.921736,clip_b32,4,8,mlp_flat_actseq,4819,2
0.918906,0.916583,clip_b32,5,8,mlp_flat_actseq,4819,2
0.913207,0.911865,clip_b32,6,8,mlp_flat_actseq,4819,2
0.907988,0.907937,clip_b32,7,8,mlp_flat_actseq,4819,2
0.903965,0.90431,clip_b32,8,8,mlp_flat_actseq,4819,2
0.957919,0.911751,clip_b32,1,8,dit_x0_single,4819,2
0.943215,0.909423,clip_b32,2,8,dit_x0_single,4819,2
0.932937,0.907463,clip_b32,3,8,dit_x0_single,4819,2
0.925153,0.9057,clip_b32,4,8,dit_x0_single,4819,2
0.918906,0.903804,clip_b32,5,8,dit_x0_single,4819,2
0.913207,0.901524,clip_b32,6,8,dit_x0_single,4819,2
0.907988,0.900456,clip_b32,7,8,dit_x0_single,4819,2
0.903965,0.89813,clip_b32,8,8,dit_x0_single,4819,2
0.957753,0.957168,clip_b32,1,8,mlp_residual_single,4819,2
0.942982,0.942024,clip_b32,2,8,mlp_residual_single,4819,2
0.932576,0.932333,clip_b32,3,8,mlp_residual_single,4819,2
0.924707,0.925623,clip_b32,4,8,mlp_residual_single,4819,2
0.918523,0.920543,clip_b32,5,8,mlp_residual_single,4819,2
0.912847,0.915914,clip_b32,6,8,mlp_residual_single,4819,2
0.907744,0.911484,clip_b32,7,8,mlp_residual_single,4819,2
0.903714,0.908728,clip_b32,8,8,mlp_residual_single,4819,2
0.958167,0.910859,clip_b32,1,16,dit_x0_actseq,3619,0
0.943539,0.907724,clip_b32,2,16,dit_x0_actseq,3619,0
0.933292,0.905127,clip_b32,3,16,dit_x0_actseq,3619,0
0.925427,0.90267,clip_b32,4,16,dit_x0_actseq,3619,0
0.919356,0.90069,clip_b32,5,16,dit_x0_actseq,3619,0
0.913923,0.898818,clip_b32,6,16,dit_x0_actseq,3619,0
0.908853,0.896948,clip_b32,7,16,dit_x0_actseq,3619,0
0.905143,0.895822,clip_b32,8,16,dit_x0_actseq,3619,0
0.901918,0.89434,clip_b32,9,16,dit_x0_actseq,3619,0
0.898566,0.893063,clip_b32,10,16,dit_x0_actseq,3619,0
0.895706,0.89162,clip_b32,11,16,dit_x0_actseq,3619,0
0.892789,0.890021,clip_b32,12,16,dit_x0_actseq,3619,0
0.890323,0.889362,clip_b32,13,16,dit_x0_actseq,3619,0
0.887662,0.887625,clip_b32,14,16,dit_x0_actseq,3619,0
0.885429,0.886176,clip_b32,15,16,dit_x0_actseq,3619,0
0.883373,0.8852,clip_b32,16,16,dit_x0_actseq,3619,0
0.957385,0.951626,clip_b32,1,16,mlp_flat_actseq,3619,0
0.942466,0.935182,clip_b32,2,16,mlp_flat_actseq,3619,0
0.932037,0.925783,clip_b32,3,16,mlp_flat_actseq,3619,0
0.924008,0.918959,clip_b32,4,16,mlp_flat_actseq,3619,0
0.917817,0.913994,clip_b32,5,16,mlp_flat_actseq,3619,0
0.912229,0.909978,clip_b32,6,16,mlp_flat_actseq,3619,0
0.907045,0.907121,clip_b32,7,16,mlp_flat_actseq,3619,0
0.90325,0.904722,clip_b32,8,16,mlp_flat_actseq,3619,0
0.899976,0.902272,clip_b32,9,16,mlp_flat_actseq,3619,0
0.896575,0.900395,clip_b32,10,16,mlp_flat_actseq,3619,0
0.893629,0.898773,clip_b32,11,16,mlp_flat_actseq,3619,0
0.890673,0.896806,clip_b32,12,16,mlp_flat_actseq,3619,0
0.888124,0.894833,clip_b32,13,16,mlp_flat_actseq,3619,0
0.885423,0.892698,clip_b32,14,16,mlp_flat_actseq,3619,0
0.883095,0.890915,clip_b32,15,16,mlp_flat_actseq,3619,0
0.880983,0.888639,clip_b32,16,16,mlp_flat_actseq,3619,0
0.958167,0.897926,clip_b32,1,16,dit_x0_single,3619,0
0.943539,0.896071,clip_b32,2,16,dit_x0_single,3619,0
0.933292,0.894931,clip_b32,3,16,dit_x0_single,3619,0
0.925427,0.892857,clip_b32,4,16,dit_x0_single,3619,0
0.919356,0.891729,clip_b32,5,16,dit_x0_single,3619,0
0.913923,0.890917,clip_b32,6,16,dit_x0_single,3619,0
0.908853,0.889991,clip_b32,7,16,dit_x0_single,3619,0
0.905143,0.889214,clip_b32,8,16,dit_x0_single,3619,0
0.901918,0.888563,clip_b32,9,16,dit_x0_single,3619,0
0.898566,0.88695,clip_b32,10,16,dit_x0_single,3619,0
0.895706,0.886382,clip_b32,11,16,dit_x0_single,3619,0
0.892789,0.885888,clip_b32,12,16,dit_x0_single,3619,0
0.890323,0.884898,clip_b32,13,16,dit_x0_single,3619,0
0.887662,0.884369,clip_b32,14,16,dit_x0_single,3619,0
0.885429,0.882405,clip_b32,15,16,dit_x0_single,3619,0
0.883373,0.881373,clip_b32,16,16,dit_x0_single,3619,0
0.957798,0.956564,clip_b32,1,16,mlp_residual_single,3619,0
0.942998,0.940238,clip_b32,2,16,mlp_residual_single,3619,0
0.93258,0.928838,clip_b32,3,16,mlp_residual_single,3619,0
0.924521,0.921397,clip_b32,4,16,mlp_residual_single,3619,0
0.91828,0.915828,clip_b32,5,16,mlp_residual_single,3619,0
0.912724,0.911378,clip_b32,6,16,mlp_residual_single,3619,0
0.907462,0.907797,clip_b32,7,16,mlp_residual_single,3619,0
0.903664,0.904838,clip_b32,8,16,mlp_residual_single,3619,0
0.900488,0.902669,clip_b32,9,16,mlp_residual_single,3619,0
0.897111,0.900241,clip_b32,10,16,mlp_residual_single,3619,0
0.894274,0.898217,clip_b32,11,16,mlp_residual_single,3619,0
0.891395,0.895572,clip_b32,12,16,mlp_residual_single,3619,0
0.888887,0.893576,clip_b32,13,16,mlp_residual_single,3619,0
0.886204,0.891199,clip_b32,14,16,mlp_residual_single,3619,0
0.883883,0.88961,clip_b32,15,16,mlp_residual_single,3619,0
0.881777,0.888336,clip_b32,16,16,mlp_residual_single,3619,0
0.957378,0.908034,clip_b32,1,16,dit_x0_actseq,3619,1
0.94247,0.905088,clip_b32,2,16,dit_x0_actseq,3619,1
0.931955,0.901636,clip_b32,3,16,dit_x0_actseq,3619,1
0.923846,0.899025,clip_b32,4,16,dit_x0_actseq,3619,1
0.917523,0.897581,clip_b32,5,16,dit_x0_actseq,3619,1
0.911865,0.895493,clip_b32,6,16,dit_x0_actseq,3619,1
0.906553,0.893843,clip_b32,7,16,dit_x0_actseq,3619,1
0.902662,0.892178,clip_b32,8,16,dit_x0_actseq,3619,1
0.899466,0.890868,clip_b32,9,16,dit_x0_actseq,3619,1
0.895987,0.890015,clip_b32,10,16,dit_x0_actseq,3619,1
0.893054,0.888167,clip_b32,11,16,dit_x0_actseq,3619,1
0.890139,0.886597,clip_b32,12,16,dit_x0_actseq,3619,1
0.887584,0.88585,clip_b32,13,16,dit_x0_actseq,3619,1
0.884947,0.884695,clip_b32,14,16,dit_x0_actseq,3619,1
0.882578,0.883917,clip_b32,15,16,dit_x0_actseq,3619,1
0.880451,0.882322,clip_b32,16,16,dit_x0_actseq,3619,1
0.957378,0.952515,clip_b32,1,16,mlp_flat_actseq,3619,1
0.94247,0.935773,clip_b32,2,16,mlp_flat_actseq,3619,1
0.931955,0.925409,clip_b32,3,16,mlp_flat_actseq,3619,1
0.923846,0.919251,clip_b32,4,16,mlp_flat_actseq,3619,1
0.917523,0.914643,clip_b32,5,16,mlp_flat_actseq,3619,1
0.911865,0.910744,clip_b32,6,16,mlp_flat_actseq,3619,1
0.906553,0.906591,clip_b32,7,16,mlp_flat_actseq,3619,1
0.902662,0.904019,clip_b32,8,16,mlp_flat_actseq,3619,1
0.899466,0.902034,clip_b32,9,16,mlp_flat_actseq,3619,1
0.895987,0.900087,clip_b32,10,16,mlp_flat_actseq,3619,1
0.893054,0.898302,clip_b32,11,16,mlp_flat_actseq,3619,1
0.890139,0.896025,clip_b32,12,16,mlp_flat_actseq,3619,1
0.887584,0.894087,clip_b32,13,16,mlp_flat_actseq,3619,1
0.884947,0.892186,clip_b32,14,16,mlp_flat_actseq,3619,1
0.882578,0.890119,clip_b32,15,16,mlp_flat_actseq,3619,1
0.880451,0.888668,clip_b32,16,16,mlp_flat_actseq,3619,1
0.957378,0.895707,clip_b32,1,16,dit_x0_single,3619,1
0.94247,0.893383,clip_b32,2,16,dit_x0_single,3619,1
0.931955,0.891892,clip_b32,3,16,dit_x0_single,3619,1
0.923846,0.890357,clip_b32,4,16,dit_x0_single,3619,1
0.917523,0.890577,clip_b32,5,16,dit_x0_single,3619,1
0.911865,0.888483,clip_b32,6,16,dit_x0_single,3619,1
0.906553,0.887518,clip_b32,7,16,dit_x0_single,3619,1
0.902662,0.886361,clip_b32,8,16,dit_x0_single,3619,1
0.899466,0.885583,clip_b32,9,16,dit_x0_single,3619,1
0.895987,0.884774,clip_b32,10,16,dit_x0_single,3619,1
0.893054,0.8839,clip_b32,11,16,dit_x0_single,3619,1
0.890139,0.882536,clip_b32,12,16,dit_x0_single,3619,1
0.887584,0.88229,clip_b32,13,16,dit_x0_single,3619,1
0.884947,0.881414,clip_b32,14,16,dit_x0_single,3619,1
0.882578,0.880173,clip_b32,15,16,dit_x0_single,3619,1
0.880451,0.878597,clip_b32,16,16,dit_x0_single,3619,1
0.957041,0.955883,clip_b32,1,16,mlp_residual_single,3619,1
0.941993,0.938969,clip_b32,2,16,mlp_residual_single,3619,1
0.931433,0.927508,clip_b32,3,16,mlp_residual_single,3619,1
0.923297,0.919965,clip_b32,4,16,mlp_residual_single,3619,1
0.916948,0.913903,clip_b32,5,16,mlp_residual_single,3619,1
0.911278,0.909468,clip_b32,6,16,mlp_residual_single,3619,1
0.90595,0.905676,clip_b32,7,16,mlp_residual_single,3619,1
0.902063,0.90295,clip_b32,8,16,mlp_residual_single,3619,1
0.898778,0.900718,clip_b32,9,16,mlp_residual_single,3619,1
0.895337,0.898172,clip_b32,10,16,mlp_residual_single,3619,1
0.892385,0.895733,clip_b32,11,16,mlp_residual_single,3619,1
0.889408,0.893044,clip_b32,12,16,mlp_residual_single,3619,1
0.886871,0.890868,clip_b32,13,16,mlp_residual_single,3619,1
0.884175,0.888238,clip_b32,14,16,mlp_residual_single,3619,1
0.881837,0.886057,clip_b32,15,16,mlp_residual_single,3619,1
0.879639,0.885335,clip_b32,16,16,mlp_residual_single,3619,1
0.957985,0.9102,clip_b32,1,16,dit_x0_actseq,3619,2
0.943212,0.906437,clip_b32,2,16,dit_x0_actseq,3619,2
0.932908,0.904061,clip_b32,3,16,dit_x0_actseq,3619,2
0.924951,0.902133,clip_b32,4,16,dit_x0_actseq,3619,2
0.918673,0.89944,clip_b32,5,16,dit_x0_actseq,3619,2
0.913106,0.897531,clip_b32,6,16,dit_x0_actseq,3619,2
0.90785,0.896382,clip_b32,7,16,dit_x0_actseq,3619,2
0.904018,0.894386,clip_b32,8,16,dit_x0_actseq,3619,2
0.900776,0.8936,clip_b32,9,16,dit_x0_actseq,3619,2
0.897411,0.891842,clip_b32,10,16,dit_x0_actseq,3619,2
0.89457,0.889792,clip_b32,11,16,dit_x0_actseq,3619,2
0.891632,0.888351,clip_b32,12,16,dit_x0_actseq,3619,2
0.889144,0.887319,clip_b32,13,16,dit_x0_actseq,3619,2
0.886529,0.886199,clip_b32,14,16,dit_x0_actseq,3619,2
0.884144,0.884196,clip_b32,15,16,dit_x0_actseq,3619,2
0.882003,0.883542,clip_b32,16,16,dit_x0_actseq,3619,2
0.958304,0.95334,clip_b32,1,16,mlp_flat_actseq,3619,2
0.943684,0.937154,clip_b32,2,16,mlp_flat_actseq,3619,2
0.933458,0.9274,clip_b32,3,16,mlp_flat_actseq,3619,2
0.92554,0.921376,clip_b32,4,16,mlp_flat_actseq,3619,2
0.919298,0.916618,clip_b32,5,16,mlp_flat_actseq,3619,2
0.913755,0.912712,clip_b32,6,16,mlp_flat_actseq,3619,2
0.908566,0.909654,clip_b32,7,16,mlp_flat_actseq,3619,2
0.904755,0.907431,clip_b32,8,16,mlp_flat_actseq,3619,2
0.901551,0.905334,clip_b32,9,16,mlp_flat_actseq,3619,2
0.898236,0.903148,clip_b32,10,16,mlp_flat_actseq,3619,2
0.895425,0.901146,clip_b32,11,16,mlp_flat_actseq,3619,2
0.892521,0.899552,clip_b32,12,16,mlp_flat_actseq,3619,2
0.890036,0.897569,clip_b32,13,16,mlp_flat_actseq,3619,2
0.887452,0.895255,clip_b32,14,16,mlp_flat_actseq,3619,2
0.885126,0.892917,clip_b32,15,16,mlp_flat_actseq,3619,2
0.883014,0.890248,clip_b32,16,16,mlp_flat_actseq,3619,2
0.957985,0.896118,clip_b32,1,16,dit_x0_single,3619,2
0.943212,0.895016,clip_b32,2,16,dit_x0_single,3619,2
0.932908,0.893416,clip_b32,3,16,dit_x0_single,3619,2
0.924951,0.89185,clip_b32,4,16,dit_x0_single,3619,2
0.918673,0.891645,clip_b32,5,16,dit_x0_single,3619,2
0.913106,0.889642,clip_b32,6,16,dit_x0_single,3619,2
0.90785,0.889169,clip_b32,7,16,dit_x0_single,3619,2
0.904018,0.887763,clip_b32,8,16,dit_x0_single,3619,2
0.900776,0.886798,clip_b32,9,16,dit_x0_single,3619,2
0.897411,0.886324,clip_b32,10,16,dit_x0_single,3619,2
0.89457,0.884817,clip_b32,11,16,dit_x0_single,3619,2
0.891632,0.884128,clip_b32,12,16,dit_x0_single,3619,2
0.889144,0.882952,clip_b32,13,16,dit_x0_single,3619,2
0.886529,0.881995,clip_b32,14,16,dit_x0_single,3619,2
0.884144,0.880253,clip_b32,15,16,dit_x0_single,3619,2
0.882003,0.880224,clip_b32,16,16,dit_x0_single,3619,2
0.957834,0.956841,clip_b32,1,16,mlp_residual_single,3619,2
0.942982,0.940191,clip_b32,2,16,mlp_residual_single,3619,2
0.932554,0.929062,clip_b32,3,16,mlp_residual_single,3619,2
0.924479,0.921536,clip_b32,4,16,mlp_residual_single,3619,2
0.918251,0.915764,clip_b32,5,16,mlp_residual_single,3619,2
0.912703,0.911523,clip_b32,6,16,mlp_residual_single,3619,2
0.907554,0.908071,clip_b32,7,16,mlp_residual_single,3619,2
0.90371,0.905072,clip_b32,8,16,mlp_residual_single,3619,2
0.900517,0.902842,clip_b32,9,16,mlp_residual_single,3619,2
0.89719,0.900638,clip_b32,10,16,mlp_residual_single,3619,2
0.894339,0.898438,clip_b32,11,16,mlp_residual_single,3619,2
0.891479,0.89617,clip_b32,12,16,mlp_residual_single,3619,2
0.889013,0.89464,clip_b32,13,16,mlp_residual_single,3619,2
0.886455,0.892305,clip_b32,14,16,mlp_residual_single,3619,2
0.884214,0.890604,clip_b32,15,16,mlp_residual_single,3619,2
0.8821,0.889481,clip_b32,16,16,mlp_residual_single,3619,2
0.932316,0.858867,dino_vits14,1,8,dit_x0_actseq,4819,0
0.899393,0.839633,dino_vits14,2,8,dit_x0_actseq,4819,0
0.873531,0.823817,dino_vits14,3,8,dit_x0_actseq,4819,0
0.852612,0.811938,dino_vits14,4,8,dit_x0_actseq,4819,0
0.834635,0.801096,dino_vits14,5,8,dit_x0_actseq,4819,0
0.818791,0.791484,dino_vits14,6,8,dit_x0_actseq,4819,0
0.804186,0.78249,dino_vits14,7,8,dit_x0_actseq,4819,0
0.792022,0.774557,dino_vits14,8,8,dit_x0_actseq,4819,0
0.932316,0.922345,dino_vits14,1,8,mlp_flat_actseq,4819,0
0.899393,0.881808,dino_vits14,2,8,mlp_flat_actseq,4819,0
0.873531,0.854992,dino_vits14,3,8,mlp_flat_actseq,4819,0
0.852612,0.835703,dino_vits14,4,8,mlp_flat_actseq,4819,0
0.834635,0.820152,dino_vits14,5,8,mlp_flat_actseq,4819,0
0.818791,0.807161,dino_vits14,6,8,mlp_flat_actseq,4819,0
0.804186,0.794428,dino_vits14,7,8,mlp_flat_actseq,4819,0
0.792022,0.784513,dino_vits14,8,8,mlp_flat_actseq,4819,0
0.932316,0.819798,dino_vits14,1,8,dit_x0_single,4819,0
0.899393,0.814708,dino_vits14,2,8,dit_x0_single,4819,0
0.873531,0.808469,dino_vits14,3,8,dit_x0_single,4819,0
0.852612,0.803563,dino_vits14,4,8,dit_x0_single,4819,0
0.834635,0.797596,dino_vits14,5,8,dit_x0_single,4819,0
0.818791,0.792041,dino_vits14,6,8,dit_x0_single,4819,0
0.804186,0.784954,dino_vits14,7,8,dit_x0_single,4819,0
0.792022,0.778195,dino_vits14,8,8,dit_x0_single,4819,0
0.932316,0.926872,dino_vits14,1,8,mlp_residual_single,4819,0
0.899393,0.887387,dino_vits14,2,8,mlp_residual_single,4819,0
0.873531,0.857482,dino_vits14,3,8,mlp_residual_single,4819,0
0.852612,0.83629,dino_vits14,4,8,mlp_residual_single,4819,0
0.834635,0.819003,dino_vits14,5,8,mlp_residual_single,4819,0
0.818791,0.804205,dino_vits14,6,8,mlp_residual_single,4819,0
0.804186,0.791816,dino_vits14,7,8,mlp_residual_single,4819,0
0.792022,0.78311,dino_vits14,8,8,mlp_residual_single,4819,0
0.932316,0.857696,dino_vits14,1,8,dit_x0_actseq,4819,1
0.899393,0.837432,dino_vits14,2,8,dit_x0_actseq,4819,1
0.873531,0.821785,dino_vits14,3,8,dit_x0_actseq,4819,1
0.852612,0.809325,dino_vits14,4,8,dit_x0_actseq,4819,1
0.834635,0.798535,dino_vits14,5,8,dit_x0_actseq,4819,1
0.818791,0.788145,dino_vits14,6,8,dit_x0_actseq,4819,1
0.804186,0.77836,dino_vits14,7,8,dit_x0_actseq,4819,1
0.792022,0.769703,dino_vits14,8,8,dit_x0_actseq,4819,1
0.932316,0.919837,dino_vits14,1,8,mlp_flat_actseq,4819,1
0.899393,0.877792,dino_vits14,2,8,mlp_flat_actseq,4819,1
0.873531,0.848607,dino_vits14,3,8,mlp_flat_actseq,4819,1
0.852612,0.830135,dino_vits14,4,8,mlp_flat_actseq,4819,1
0.834635,0.815411,dino_vits14,5,8,mlp_flat_actseq,4819,1
0.818791,0.801007,dino_vits14,6,8,mlp_flat_actseq,4819,1
0.804186,0.788785,dino_vits14,7,8,mlp_flat_actseq,4819,1
0.792022,0.780108,dino_vits14,8,8,mlp_flat_actseq,4819,1
0.932316,0.820544,dino_vits14,1,8,dit_x0_single,4819,1
0.899393,0.813707,dino_vits14,2,8,dit_x0_single,4819,1
0.873531,0.80894,dino_vits14,3,8,dit_x0_single,4819,1
0.852612,0.802987,dino_vits14,4,8,dit_x0_single,4819,1
0.834635,0.796911,dino_vits14,5,8,dit_x0_single,4819,1
0.818791,0.790179,dino_vits14,6,8,dit_x0_single,4819,1
0.804186,0.783081,dino_vits14,7,8,dit_x0_single,4819,1
0.792022,0.776878,dino_vits14,8,8,dit_x0_single,4819,1
0.932316,0.926506,dino_vits14,1,8,mlp_residual_single,4819,1
0.899393,0.886757,dino_vits14,2,8,mlp_residual_single,4819,1
0.873531,0.856746,dino_vits14,3,8,mlp_residual_single,4819,1
0.852612,0.834497,dino_vits14,4,8,mlp_residual_single,4819,1
0.834635,0.817088,dino_vits14,5,8,mlp_residual_single,4819,1
0.818791,0.802796,dino_vits14,6,8,mlp_residual_single,4819,1
0.804186,0.790217,dino_vits14,7,8,mlp_residual_single,4819,1
0.792022,0.781653,dino_vits14,8,8,mlp_residual_single,4819,1
0.932316,0.854912,dino_vits14,1,8,dit_x0_actseq,4819,2
0.899393,0.835899,dino_vits14,2,8,dit_x0_actseq,4819,2
0.873531,0.821042,dino_vits14,3,8,dit_x0_actseq,4819,2
0.852612,0.809253,dino_vits14,4,8,dit_x0_actseq,4819,2
0.834635,0.798564,dino_vits14,5,8,dit_x0_actseq,4819,2
0.818791,0.789245,dino_vits14,6,8,dit_x0_actseq,4819,2
0.804186,0.778766,dino_vits14,7,8,dit_x0_actseq,4819,2
0.792022,0.770537,dino_vits14,8,8,dit_x0_actseq,4819,2
0.932316,0.921865,dino_vits14,1,8,mlp_flat_actseq,4819,2
0.899393,0.881275,dino_vits14,2,8,mlp_flat_actseq,4819,2
0.873531,0.853774,dino_vits14,3,8,mlp_flat_actseq,4819,2
0.852612,0.834665,dino_vits14,4,8,mlp_flat_actseq,4819,2
0.834635,0.819031,dino_vits14,5,8,mlp_flat_actseq,4819,2
0.818791,0.805714,dino_vits14,6,8,mlp_flat_actseq,4819,2
0.804186,0.792441,dino_vits14,7,8,mlp_flat_actseq,4819,2
0.792022,0.782208,dino_vits14,8,8,mlp_flat_actseq,4819,2
0.932316,0.814158,dino_vits14,1,8,dit_x0_single,4819,2
0.899393,0.808982,dino_vits14,2,8,dit_x0_single,4819,2
0.873531,0.804532,dino_vits14,3,8,dit_x0_single,4819,2
0.852612,0.799231,dino_vits14,4,8,dit_x0_single,4819,2
0.834635,0.79384,dino_vits14,5,8,dit_x0_single,4819,2
0.818791,0.788441,dino_vits14,6,8,dit_x0_single,4819,2
0.804186,0.781346,dino_vits14,7,8,dit_x0_single,4819,2
0.792022,0.775426,dino_vits14,8,8,dit_x0_single,4819,2
0.932316,0.926635,dino_vits14,1,8,mlp_residual_single,4819,2
0.899393,0.887944,dino_vits14,2,8,mlp_residual_single,4819,2
0.873531,0.857869,dino_vits14,3,8,mlp_residual_single,4819,2
0.852612,0.835751,dino_vits14,4,8,mlp_residual_single,4819,2
0.834635,0.818043,dino_vits14,5,8,mlp_residual_single,4819,2
0.818791,0.803528,dino_vits14,6,8,mlp_residual_single,4819,2
0.804186,0.79065,dino_vits14,7,8,mlp_residual_single,4819,2
0.792022,0.782065,dino_vits14,8,8,mlp_residual_single,4819,2
0.932422,0.828942,dino_vits14,1,16,dit_x0_actseq,3619,0
0.89968,0.817013,dino_vits14,2,16,dit_x0_actseq,3619,0
0.873568,0.805888,dino_vits14,3,16,dit_x0_actseq,3619,0
0.852639,0.79724,dino_vits14,4,16,dit_x0_actseq,3619,0
0.834636,0.789189,dino_vits14,5,16,dit_x0_actseq,3619,0
0.818855,0.782512,dino_vits14,6,16,dit_x0_actseq,3619,0
0.803982,0.776111,dino_vits14,7,16,dit_x0_actseq,3619,0
0.7917,0.770206,dino_vits14,8,16,dit_x0_actseq,3619,0
0.780901,0.765129,dino_vits14,9,16,dit_x0_actseq,3619,0
0.771051,0.759379,dino_vits14,10,16,dit_x0_actseq,3619,0
0.762279,0.754729,dino_vits14,11,16,dit_x0_actseq,3619,0
0.753949,0.749113,dino_vits14,12,16,dit_x0_actseq,3619,0
0.746499,0.743957,dino_vits14,13,16,dit_x0_actseq,3619,0
0.739417,0.738663,dino_vits14,14,16,dit_x0_actseq,3619,0
0.732966,0.734568,dino_vits14,15,16,dit_x0_actseq,3619,0
0.72726,0.730036,dino_vits14,16,16,dit_x0_actseq,3619,0
0.932422,0.922479,dino_vits14,1,16,mlp_flat_actseq,3619,0
0.89968,0.881032,dino_vits14,2,16,mlp_flat_actseq,3619,0
0.873568,0.851717,dino_vits14,3,16,mlp_flat_actseq,3619,0
0.852639,0.831559,dino_vits14,4,16,mlp_flat_actseq,3619,0
0.834636,0.816764,dino_vits14,5,16,mlp_flat_actseq,3619,0
0.818855,0.80482,dino_vits14,6,16,mlp_flat_actseq,3619,0
0.803982,0.794415,dino_vits14,7,16,mlp_flat_actseq,3619,0
0.7917,0.786174,dino_vits14,8,16,mlp_flat_actseq,3619,0
0.780901,0.778888,dino_vits14,9,16,mlp_flat_actseq,3619,0
0.771051,0.771797,dino_vits14,10,16,mlp_flat_actseq,3619,0
0.762279,0.765502,dino_vits14,11,16,mlp_flat_actseq,3619,0
0.753949,0.759944,dino_vits14,12,16,mlp_flat_actseq,3619,0
0.746499,0.75347,dino_vits14,13,16,mlp_flat_actseq,3619,0
0.739417,0.747522,dino_vits14,14,16,mlp_flat_actseq,3619,0
0.732966,0.741208,dino_vits14,15,16,mlp_flat_actseq,3619,0
0.72726,0.735737,dino_vits14,16,16,mlp_flat_actseq,3619,0
0.932422,0.77742,dino_vits14,1,16,dit_x0_single,3619,0
0.89968,0.774295,dino_vits14,2,16,dit_x0_single,3619,0
0.873568,0.772113,dino_vits14,3,16,dit_x0_single,3619,0
0.852639,0.768801,dino_vits14,4,16,dit_x0_single,3619,0
0.834636,0.764103,dino_vits14,5,16,dit_x0_single,3619,0
0.818855,0.761464,dino_vits14,6,16,dit_x0_single,3619,0
0.803982,0.75767,dino_vits14,7,16,dit_x0_single,3619,0
0.7917,0.753232,dino_vits14,8,16,dit_x0_single,3619,0
0.780901,0.750395,dino_vits14,9,16,dit_x0_single,3619,0
0.771051,0.746818,dino_vits14,10,16,dit_x0_single,3619,0
0.762279,0.741693,dino_vits14,11,16,dit_x0_single,3619,0
0.753949,0.739048,dino_vits14,12,16,dit_x0_single,3619,0
0.746499,0.735625,dino_vits14,13,16,dit_x0_single,3619,0
0.739417,0.731021,dino_vits14,14,16,dit_x0_single,3619,0
0.732966,0.728054,dino_vits14,15,16,dit_x0_single,3619,0
0.72726,0.724263,dino_vits14,16,16,dit_x0_single,3619,0
0.932422,0.92669,dino_vits14,1,16,mlp_residual_single,3619,0
0.89968,0.886722,dino_vits14,2,16,mlp_residual_single,3619,0
0.873568,0.854119,dino_vits14,3,16,mlp_residual_single,3619,0
0.852639,0.829465,dino_vits14,4,16,mlp_residual_single,3619,0
0.834636,0.809852,dino_vits14,5,16,mlp_residual_single,3619,0
0.818855,0.794507,dino_vits14,6,16,mlp_residual_single,3619,0
0.803982,0.781453,dino_vits14,7,16,mlp_residual_single,3619,0
0.7917,0.77261,dino_vits14,8,16,mlp_residual_single,3619,0
0.780901,0.763902,dino_vits14,9,16,mlp_residual_single,3619,0
0.771051,0.756403,dino_vits14,10,16,mlp_residual_single,3619,0
0.762279,0.750202,dino_vits14,11,16,mlp_residual_single,3619,0
0.753949,0.743566,dino_vits14,12,16,mlp_residual_single,3619,0
0.746499,0.736684,dino_vits14,13,16,mlp_residual_single,3619,0
0.739417,0.730984,dino_vits14,14,16,mlp_residual_single,3619,0
0.732966,0.725996,dino_vits14,15,16,mlp_residual_single,3619,0
0.72726,0.721991,dino_vits14,16,16,mlp_residual_single,3619,0
0.932422,0.829707,dino_vits14,1,16,dit_x0_actseq,3619,1
0.89968,0.815781,dino_vits14,2,16,dit_x0_actseq,3619,1
0.873568,0.805026,dino_vits14,3,16,dit_x0_actseq,3619,1
0.852639,0.79548,dino_vits14,4,16,dit_x0_actseq,3619,1
0.834636,0.787584,dino_vits14,5,16,dit_x0_actseq,3619,1
0.818855,0.78101,dino_vits14,6,16,dit_x0_actseq,3619,1
0.803982,0.775062,dino_vits14,7,16,dit_x0_actseq,3619,1
0.7917,0.770149,dino_vits14,8,16,dit_x0_actseq,3619,1
0.780901,0.765166,dino_vits14,9,16,dit_x0_actseq,3619,1
0.771051,0.759931,dino_vits14,10,16,dit_x0_actseq,3619,1
0.762279,0.755448,dino_vits14,11,16,dit_x0_actseq,3619,1
0.753949,0.750816,dino_vits14,12,16,dit_x0_actseq,3619,1
0.746499,0.745149,dino_vits14,13,16,dit_x0_actseq,3619,1
0.739417,0.739528,dino_vits14,14,16,dit_x0_actseq,3619,1
0.732966,0.734692,dino_vits14,15,16,dit_x0_actseq,3619,1
0.72726,0.730031,dino_vits14,16,16,dit_x0_actseq,3619,1
0.932422,0.922704,dino_vits14,1,16,mlp_flat_actseq,3619,1
0.89968,0.881042,dino_vits14,2,16,mlp_flat_actseq,3619,1
0.873568,0.851927,dino_vits14,3,16,mlp_flat_actseq,3619,1
0.852639,0.831553,dino_vits14,4,16,mlp_flat_actseq,3619,1
0.834636,0.81663,dino_vits14,5,16,mlp_flat_actseq,3619,1
0.818855,0.804876,dino_vits14,6,16,mlp_flat_actseq,3619,1
0.803982,0.79409,dino_vits14,7,16,mlp_flat_actseq,3619,1
0.7917,0.784844,dino_vits14,8,16,mlp_flat_actseq,3619,1
0.780901,0.777977,dino_vits14,9,16,mlp_flat_actseq,3619,1
0.771051,0.770316,dino_vits14,10,16,mlp_flat_actseq,3619,1
0.762279,0.763533,dino_vits14,11,16,mlp_flat_actseq,3619,1
0.753949,0.757761,dino_vits14,12,16,mlp_flat_actseq,3619,1
0.746499,0.751968,dino_vits14,13,16,mlp_flat_actseq,3619,1
0.739417,0.745558,dino_vits14,14,16,mlp_flat_actseq,3619,1
0.732966,0.739329,dino_vits14,15,16,mlp_flat_actseq,3619,1
0.72726,0.733354,dino_vits14,16,16,mlp_flat_actseq,3619,1
0.932422,0.777231,dino_vits14,1,16,dit_x0_single,3619,1
0.89968,0.774304,dino_vits14,2,16,dit_x0_single,3619,1
0.873568,0.771512,dino_vits14,3,16,dit_x0_single,3619,1
0.852639,0.768912,dino_vits14,4,16,dit_x0_single,3619,1
0.834636,0.764922,dino_vits14,5,16,dit_x0_single,3619,1
0.818855,0.763134,dino_vits14,6,16,dit_x0_single,3619,1
0.803982,0.758987,dino_vits14,7,16,dit_x0_single,3619,1
0.7917,0.7559,dino_vits14,8,16,dit_x0_single,3619,1
0.780901,0.751984,dino_vits14,9,16,dit_x0_single,3619,1
0.771051,0.746702,dino_vits14,10,16,dit_x0_single,3619,1
0.762279,0.744499,dino_vits14,11,16,dit_x0_single,3619,1
0.753949,0.741556,dino_vits14,12,16,dit_x0_single,3619,1
0.746499,0.735586,dino_vits14,13,16,dit_x0_single,3619,1
0.739417,0.732928,dino_vits14,14,16,dit_x0_single,3619,1
0.732966,0.728301,dino_vits14,15,16,dit_x0_single,3619,1
0.72726,0.725364,dino_vits14,16,16,dit_x0_single,3619,1
0.932422,0.926733,dino_vits14,1,16,mlp_residual_single,3619,1
0.89968,0.886812,dino_vits14,2,16,mlp_residual_single,3619,1
0.873568,0.853703,dino_vits14,3,16,mlp_residual_single,3619,1
0.852639,0.829297,dino_vits14,4,16,mlp_residual_single,3619,1
0.834636,0.809846,dino_vits14,5,16,mlp_residual_single,3619,1
0.818855,0.794593,dino_vits14,6,16,mlp_residual_single,3619,1
0.803982,0.781408,dino_vits14,7,16,mlp_residual_single,3619,1
0.7917,0.772676,dino_vits14,8,16,mlp_residual_single,3619,1
0.780901,0.764018,dino_vits14,9,16,mlp_residual_single,3619,1
0.771051,0.756106,dino_vits14,10,16,mlp_residual_single,3619,1
0.762279,0.749859,dino_vits14,11,16,mlp_residual_single,3619,1
0.753949,0.742698,dino_vits14,12,16,mlp_residual_single,3619,1
0.746499,0.735962,dino_vits14,13,16,mlp_residual_single,3619,1
0.739417,0.730673,dino_vits14,14,16,mlp_residual_single,3619,1
0.732966,0.725855,dino_vits14,15,16,mlp_residual_single,3619,1
0.72726,0.722929,dino_vits14,16,16,mlp_residual_single,3619,1
0.932422,0.825139,dino_vits14,1,16,dit_x0_actseq,3619,2
0.89968,0.813036,dino_vits14,2,16,dit_x0_actseq,3619,2
0.873568,0.802168,dino_vits14,3,16,dit_x0_actseq,3619,2
0.852639,0.793983,dino_vits14,4,16,dit_x0_actseq,3619,2
0.834636,0.78683,dino_vits14,5,16,dit_x0_actseq,3619,2
0.818855,0.780272,dino_vits14,6,16,dit_x0_actseq,3619,2
0.803982,0.774313,dino_vits14,7,16,dit_x0_actseq,3619,2
0.7917,0.769381,dino_vits14,8,16,dit_x0_actseq,3619,2
0.780901,0.764706,dino_vits14,9,16,dit_x0_actseq,3619,2
0.771051,0.758481,dino_vits14,10,16,dit_x0_actseq,3619,2
0.762279,0.753931,dino_vits14,11,16,dit_x0_actseq,3619,2
0.753949,0.749293,dino_vits14,12,16,dit_x0_actseq,3619,2
0.746499,0.743432,dino_vits14,13,16,dit_x0_actseq,3619,2
0.739417,0.738036,dino_vits14,14,16,dit_x0_actseq,3619,2
0.732966,0.732715,dino_vits14,15,16,dit_x0_actseq,3619,2
0.72726,0.728338,dino_vits14,16,16,dit_x0_actseq,3619,2
0.932422,0.923035,dino_vits14,1,16,mlp_flat_actseq,3619,2
0.89968,0.881117,dino_vits14,2,16,mlp_flat_actseq,3619,2
0.873568,0.851736,dino_vits14,3,16,mlp_flat_actseq,3619,2
0.852639,0.831291,dino_vits14,4,16,mlp_flat_actseq,3619,2
0.834636,0.816033,dino_vits14,5,16,mlp_flat_actseq,3619,2
0.818855,0.804001,dino_vits14,6,16,mlp_flat_actseq,3619,2
0.803982,0.793934,dino_vits14,7,16,mlp_flat_actseq,3619,2
0.7917,0.785592,dino_vits14,8,16,mlp_flat_actseq,3619,2
0.780901,0.778019,dino_vits14,9,16,mlp_flat_actseq,3619,2
0.771051,0.771419,dino_vits14,10,16,mlp_flat_actseq,3619,2
0.762279,0.764318,dino_vits14,11,16,mlp_flat_actseq,3619,2
0.753949,0.758761,dino_vits14,12,16,mlp_flat_actseq,3619,2
0.746499,0.752932,dino_vits14,13,16,mlp_flat_actseq,3619,2
0.739417,0.747268,dino_vits14,14,16,mlp_flat_actseq,3619,2
0.732966,0.740324,dino_vits14,15,16,mlp_flat_actseq,3619,2
0.72726,0.734543,dino_vits14,16,16,mlp_flat_actseq,3619,2
0.932422,0.771687,dino_vits14,1,16,dit_x0_single,3619,2
0.89968,0.76749,dino_vits14,2,16,dit_x0_single,3619,2
0.873568,0.764347,dino_vits14,3,16,dit_x0_single,3619,2
0.852639,0.762785,dino_vits14,4,16,dit_x0_single,3619,2
0.834636,0.759404,dino_vits14,5,16,dit_x0_single,3619,2
0.818855,0.756719,dino_vits14,6,16,dit_x0_single,3619,2
0.803982,0.752366,dino_vits14,7,16,dit_x0_single,3619,2
0.7917,0.750206,dino_vits14,8,16,dit_x0_single,3619,2
0.780901,0.746321,dino_vits14,9,16,dit_x0_single,3619,2
0.771051,0.741796,dino_vits14,10,16,dit_x0_single,3619,2
0.762279,0.737613,dino_vits14,11,16,dit_x0_single,3619,2
0.753949,0.735072,dino_vits14,12,16,dit_x0_single,3619,2
0.746499,0.730249,dino_vits14,13,16,dit_x0_single,3619,2
0.739417,0.727945,dino_vits14,14,16,dit_x0_single,3619,2
0.732966,0.725576,dino_vits14,15,16,dit_x0_single,3619,2
0.72726,0.720092,dino_vits14,16,16,dit_x0_single,3619,2
0.932422,0.926611,dino_vits14,1,16,mlp_residual_single,3619,2
0.89968,0.886443,dino_vits14,2,16,mlp_residual_single,3619,2
0.873568,0.853401,dino_vits14,3,16,mlp_residual_single,3619,2
0.852639,0.82895,dino_vits14,4,16,mlp_residual_single,3619,2
0.834636,0.809689,dino_vits14,5,16,mlp_residual_single,3619,2
0.818855,0.79499,dino_vits14,6,16,mlp_residual_single,3619,2
0.803982,0.781492,dino_vits14,7,16,mlp_residual_single,3619,2
0.7917,0.7721,dino_vits14,8,16,mlp_residual_single,3619,2
0.780901,0.763182,dino_vits14,9,16,mlp_residual_single,3619,2
0.771051,0.755376,dino_vits14,10,16,mlp_residual_single,3619,2
0.762279,0.748893,dino_vits14,11,16,mlp_residual_single,3619,2
0.753949,0.742012,dino_vits14,12,16,mlp_residual_single,3619,2
0.746499,0.736479,dino_vits14,13,16,mlp_residual_single,3619,2
0.739417,0.731484,dino_vits14,14,16,mlp_residual_single,3619,2
0.732966,0.726377,dino_vits14,15,16,mlp_residual_single,3619,2
0.72726,0.723128,dino_vits14,16,16,mlp_residual_single,3619,2
,0.922547,vit_s16,1,8,copy,4819,0
,0.892225,vit_s16,2,8,copy,4819,0
,0.871044,vit_s16,3,8,copy,4819,0
,0.855287,vit_s16,4,8,copy,4819,0
,0.842683,vit_s16,5,8,copy,4819,0
,0.832069,vit_s16,6,8,copy,4819,0
,0.822975,vit_s16,7,8,copy,4819,0
,0.814762,vit_s16,8,8,copy,4819,0
,0.922547,vit_s16,1,8,copy,4819,1
,0.892225,vit_s16,2,8,copy,4819,1
,0.871044,vit_s16,3,8,copy,4819,1
,0.855287,vit_s16,4,8,copy,4819,1
,0.842683,vit_s16,5,8,copy,4819,1
,0.832069,vit_s16,6,8,copy,4819,1
,0.822975,vit_s16,7,8,copy,4819,1
,0.814762,vit_s16,8,8,copy,4819,1
,0.922547,vit_s16,1,8,copy,4819,2
,0.892225,vit_s16,2,8,copy,4819,2
,0.871044,vit_s16,3,8,copy,4819,2
,0.855287,vit_s16,4,8,copy,4819,2
,0.842683,vit_s16,5,8,copy,4819,2
,0.832069,vit_s16,6,8,copy,4819,2
,0.822975,vit_s16,7,8,copy,4819,2
,0.814762,vit_s16,8,8,copy,4819,2
,0.922684,vit_s16,1,16,copy,3619,0
,0.892281,vit_s16,2,16,copy,3619,0
,0.870598,vit_s16,3,16,copy,3619,0
,0.85491,vit_s16,4,16,copy,3619,0
,0.842103,vit_s16,5,16,copy,3619,0
,0.831306,vit_s16,6,16,copy,3619,0
,0.822286,vit_s16,7,16,copy,3619,0
,0.814083,vit_s16,8,16,copy,3619,0
,0.807286,vit_s16,9,16,copy,3619,0
,0.801078,vit_s16,10,16,copy,3619,0
,0.795418,vit_s16,11,16,copy,3619,0
,0.790112,vit_s16,12,16,copy,3619,0
,0.785318,vit_s16,13,16,copy,3619,0
,0.781305,vit_s16,14,16,copy,3619,0
,0.777207,vit_s16,15,16,copy,3619,0
,0.773482,vit_s16,16,16,copy,3619,0
,0.922684,vit_s16,1,16,copy,3619,1
,0.892281,vit_s16,2,16,copy,3619,1
,0.870598,vit_s16,3,16,copy,3619,1
,0.85491,vit_s16,4,16,copy,3619,1
,0.842103,vit_s16,5,16,copy,3619,1
,0.831306,vit_s16,6,16,copy,3619,1
,0.822286,vit_s16,7,16,copy,3619,1
,0.814083,vit_s16,8,16,copy,3619,1
,0.807286,vit_s16,9,16,copy,3619,1
,0.801078,vit_s16,10,16,copy,3619,1
,0.795418,vit_s16,11,16,copy,3619,1
,0.790112,vit_s16,12,16,copy,3619,1
,0.785318,vit_s16,13,16,copy,3619,1
,0.781305,vit_s16,14,16,copy,3619,1
,0.777207,vit_s16,15,16,copy,3619,1
,0.773482,vit_s16,16,16,copy,3619,1
,0.922684,vit_s16,1,16,copy,3619,2
,0.892281,vit_s16,2,16,copy,3619,2
,0.870598,vit_s16,3,16,copy,3619,2
,0.85491,vit_s16,4,16,copy,3619,2
,0.842103,vit_s16,5,16,copy,3619,2
,0.831306,vit_s16,6,16,copy,3619,2
,0.822286,vit_s16,7,16,copy,3619,2
,0.814083,vit_s16,8,16,copy,3619,2
,0.807286,vit_s16,9,16,copy,3619,2
,0.801078,vit_s16,10,16,copy,3619,2
,0.795418,vit_s16,11,16,copy,3619,2
,0.790112,vit_s16,12,16,copy,3619,2
,0.785318,vit_s16,13,16,copy,3619,2
,0.781305,vit_s16,14,16,copy,3619,2
,0.777207,vit_s16,15,16,copy,3619,2
,0.773482,vit_s16,16,16,copy,3619,2
,0.957298,clip_b32,1,8,copy,4819,0
,0.942445,clip_b32,2,8,copy,4819,0
,0.93205,clip_b32,3,8,copy,4819,0
,0.924205,clip_b32,4,8,copy,4819,0
,0.917996,clip_b32,5,8,copy,4819,0
,0.912284,clip_b32,6,8,copy,4819,0
,0.907106,clip_b32,7,8,copy,4819,0
,0.903083,clip_b32,8,8,copy,4819,0
,0.958491,clip_b32,1,8,copy,4819,1
,0.944028,clip_b32,2,8,copy,4819,1
,0.933848,clip_b32,3,8,copy,4819,1
,0.926102,clip_b32,4,8,copy,4819,1
,0.92,clip_b32,5,8,copy,4819,1
,0.91443,clip_b32,6,8,copy,4819,1
,0.909325,clip_b32,7,8,copy,4819,1
,0.905349,clip_b32,8,8,copy,4819,1
,0.95823,clip_b32,1,8,copy,4819,2
,0.943666,clip_b32,2,8,copy,4819,2
,0.93346,clip_b32,3,8,copy,4819,2
,0.925704,clip_b32,4,8,copy,4819,2
,0.919492,clip_b32,5,8,copy,4819,2
,0.913836,clip_b32,6,8,copy,4819,2
,0.908684,clip_b32,7,8,copy,4819,2
,0.90469,clip_b32,8,8,copy,4819,2
,0.958167,clip_b32,1,16,copy,3619,0
,0.943539,clip_b32,2,16,copy,3619,0
,0.933292,clip_b32,3,16,copy,3619,0
,0.925427,clip_b32,4,16,copy,3619,0
,0.919356,clip_b32,5,16,copy,3619,0
,0.913923,clip_b32,6,16,copy,3619,0
,0.908853,clip_b32,7,16,copy,3619,0
,0.905143,clip_b32,8,16,copy,3619,0
,0.901918,clip_b32,9,16,copy,3619,0
,0.898566,clip_b32,10,16,copy,3619,0
,0.895706,clip_b32,11,16,copy,3619,0
,0.892789,clip_b32,12,16,copy,3619,0
,0.890323,clip_b32,13,16,copy,3619,0
,0.887662,clip_b32,14,16,copy,3619,0
,0.885429,clip_b32,15,16,copy,3619,0
,0.883373,clip_b32,16,16,copy,3619,0
,0.957378,clip_b32,1,16,copy,3619,1
,0.94247,clip_b32,2,16,copy,3619,1
,0.931955,clip_b32,3,16,copy,3619,1
,0.923846,clip_b32,4,16,copy,3619,1
,0.917523,clip_b32,5,16,copy,3619,1
,0.911865,clip_b32,6,16,copy,3619,1
,0.906553,clip_b32,7,16,copy,3619,1
,0.902662,clip_b32,8,16,copy,3619,1
,0.899466,clip_b32,9,16,copy,3619,1
,0.895987,clip_b32,10,16,copy,3619,1
,0.893054,clip_b32,11,16,copy,3619,1
,0.890139,clip_b32,12,16,copy,3619,1
,0.887584,clip_b32,13,16,copy,3619,1
,0.884947,clip_b32,14,16,copy,3619,1
,0.882578,clip_b32,15,16,copy,3619,1
,0.880451,clip_b32,16,16,copy,3619,1
,0.957985,clip_b32,1,16,copy,3619,2
,0.943212,clip_b32,2,16,copy,3619,2
,0.932908,clip_b32,3,16,copy,3619,2
,0.924951,clip_b32,4,16,copy,3619,2
,0.918673,clip_b32,5,16,copy,3619,2
,0.913106,clip_b32,6,16,copy,3619,2
,0.90785,clip_b32,7,16,copy,3619,2
,0.904018,clip_b32,8,16,copy,3619,2
,0.900776,clip_b32,9,16,copy,3619,2
,0.897411,clip_b32,10,16,copy,3619,2
,0.89457,clip_b32,11,16,copy,3619,2
,0.891632,clip_b32,12,16,copy,3619,2
,0.889144,clip_b32,13,16,copy,3619,2
,0.886529,clip_b32,14,16,copy,3619,2
,0.884144,clip_b32,15,16,copy,3619,2
,0.882003,clip_b32,16,16,copy,3619,2
,0.932316,dino_vits14,1,8,copy,4819,0
,0.899393,dino_vits14,2,8,copy,4819,0
,0.873531,dino_vits14,3,8,copy,4819,0
,0.852612,dino_vits14,4,8,copy,4819,0
,0.834635,dino_vits14,5,8,copy,4819,0
,0.818791,dino_vits14,6,8,copy,4819,0
,0.804186,dino_vits14,7,8,copy,4819,0
,0.792022,dino_vits14,8,8,copy,4819,0
,0.932316,dino_vits14,1,8,copy,4819,1
,0.899393,dino_vits14,2,8,copy,4819,1
,0.873531,dino_vits14,3,8,copy,4819,1
,0.852612,dino_vits14,4,8,copy,4819,1
,0.834635,dino_vits14,5,8,copy,4819,1
,0.818791,dino_vits14,6,8,copy,4819,1
,0.804186,dino_vits14,7,8,copy,4819,1
,0.792022,dino_vits14,8,8,copy,4819,1
,0.932316,dino_vits14,1,8,copy,4819,2
,0.899393,dino_vits14,2,8,copy,4819,2
,0.873531,dino_vits14,3,8,copy,4819,2
,0.852612,dino_vits14,4,8,copy,4819,2
,0.834635,dino_vits14,5,8,copy,4819,2
,0.818791,dino_vits14,6,8,copy,4819,2
,0.804186,dino_vits14,7,8,copy,4819,2
,0.792022,dino_vits14,8,8,copy,4819,2
,0.932422,dino_vits14,1,16,copy,3619,0
,0.89968,dino_vits14,2,16,copy,3619,0
,0.873568,dino_vits14,3,16,copy,3619,0
,0.852639,dino_vits14,4,16,copy,3619,0
,0.834636,dino_vits14,5,16,copy,3619,0
,0.818855,dino_vits14,6,16,copy,3619,0
,0.803982,dino_vits14,7,16,copy,3619,0
,0.7917,dino_vits14,8,16,copy,3619,0
,0.780901,dino_vits14,9,16,copy,3619,0
,0.771051,dino_vits14,10,16,copy,3619,0
,0.762279,dino_vits14,11,16,copy,3619,0
,0.753949,dino_vits14,12,16,copy,3619,0
,0.746499,dino_vits14,13,16,copy,3619,0
,0.739417,dino_vits14,14,16,copy,3619,0
,0.732966,dino_vits14,15,16,copy,3619,0
,0.72726,dino_vits14,16,16,copy,3619,0
,0.932422,dino_vits14,1,16,copy,3619,1
,0.89968,dino_vits14,2,16,copy,3619,1
,0.873568,dino_vits14,3,16,copy,3619,1
,0.852639,dino_vits14,4,16,copy,3619,1
,0.834636,dino_vits14,5,16,copy,3619,1
,0.818855,dino_vits14,6,16,copy,3619,1
,0.803982,dino_vits14,7,16,copy,3619,1
,0.7917,dino_vits14,8,16,copy,3619,1
,0.780901,dino_vits14,9,16,copy,3619,1
,0.771051,dino_vits14,10,16,copy,3619,1
,0.762279,dino_vits14,11,16,copy,3619,1
,0.753949,dino_vits14,12,16,copy,3619,1
,0.746499,dino_vits14,13,16,copy,3619,1
,0.739417,dino_vits14,14,16,copy,3619,1
,0.732966,dino_vits14,15,16,copy,3619,1
,0.72726,dino_vits14,16,16,copy,3619,1
,0.932422,dino_vits14,1,16,copy,3619,2
,0.89968,dino_vits14,2,16,copy,3619,2
,0.873568,dino_vits14,3,16,copy,3619,2
,0.852639,dino_vits14,4,16,copy,3619,2
,0.834636,dino_vits14,5,16,copy,3619,2
,0.818855,dino_vits14,6,16,copy,3619,2
,0.803982,dino_vits14,7,16,copy,3619,2
,0.7917,dino_vits14,8,16,copy,3619,2
,0.780901,dino_vits14,9,16,copy,3619,2
,0.771051,dino_vits14,10,16,copy,3619,2
,0.762279,dino_vits14,11,16,copy,3619,2
,0.753949,dino_vits14,12,16,copy,3619,2
,0.746499,dino_vits14,13,16,copy,3619,2
,0.739417,dino_vits14,14,16,copy,3619,2
,0.732966,dino_vits14,15,16,copy,3619,2
,0.72726,dino_vits14,16,16,copy,3619,2
