copy_cossim,cossim,encoder,horizon_step,horizon_trained,model,n_windows,seed,source
,0.9201522893319602,clip_b32,1,4,dit_x0,,0,da8
,0.9169824617466467,clip_b32,2,4,dit_x0,,0,da8
,0.9141995925748452,clip_b32,3,4,dit_x0,,0,da8
,0.9120496020235244,clip_b32,4,4,dit_x0,,0,da8
,0.9510894398074194,clip_b32,1,4,mlp_residual,,0,da8
,0.9331697251748766,clip_b32,2,4,mlp_residual,,0,da8
,0.9215547963248163,clip_b32,3,4,mlp_residual,,0,da8
,0.9138174013010051,clip_b32,4,4,mlp_residual,,0,da8
,0.9178898465173626,clip_b32,1,4,dit_x0,,1,da8
,0.9146616735632601,clip_b32,2,4,dit_x0,,1,da8
,0.9115629433749632,clip_b32,3,4,dit_x0,,1,da8
,0.9085910267045872,clip_b32,4,4,dit_x0,,1,da8
,0.9504254156866951,clip_b32,1,4,mlp_residual,,1,da8
,0.9322356748325751,clip_b32,2,4,mlp_residual,,1,da8
,0.9205169741089746,clip_b32,3,4,mlp_residual,,1,da8
,0.9124303185251239,clip_b32,4,4,mlp_residual,,1,da8
,0.9207251957585219,clip_b32,1,4,dit_x0,,2,da8
,0.9175076517237797,clip_b32,2,4,dit_x0,,2,da8
,0.9140956341549356,clip_b32,3,4,dit_x0,,2,da8
,0.9114955311486764,clip_b32,4,4,dit_x0,,2,da8
,0.9507925987771614,clip_b32,1,4,mlp_residual,,2,da8
,0.9326277101231273,clip_b32,2,4,mlp_residual,,2,da8
,0.921043443864596,clip_b32,3,4,mlp_residual,,2,da8
,0.9134119825403636,clip_b32,4,4,mlp_residual,,2,da8
,0.8502080776216712,dino_vits14,1,4,dit_x0,,0,da8
,0.8404915875274551,dino_vits14,2,4,dit_x0,,0,da8
,0.8308365443993987,dino_vits14,3,4,dit_x0,,0,da8
,0.821074513760764,dino_vits14,4,4,dit_x0,,0,da8
,0.9194592125500716,dino_vits14,1,4,mlp_residual,,0,da8
,0.873919313652178,dino_vits14,2,4,mlp_residual,,0,da8
,0.841154115757482,dino_vits14,3,4,mlp_residual,,0,da8
,0.8188687493647568,dino_vits14,4,4,mlp_residual,,0,da8
,0.8455786239531102,dino_vits14,1,4,dit_x0,,1,da8
,0.8357798324165407,dino_vits14,2,4,dit_x0,,1,da8
,0.8259750587250786,dino_vits14,3,4,dit_x0,,1,da8
,0.8171988369508255,dino_vits14,4,4,dit_x0,,1,da8
,0.9201030959984455,dino_vits14,1,4,mlp_residual,,1,da8
,0.8749471581010806,dino_vits14,2,4,mlp_residual,,1,da8
,0.8416860206999623,dino_vits14,3,4,mlp_residual,,1,da8
,0.8199725688702727,dino_vits14,4,4,mlp_residual,,1,da8
,0.8421449092816418,dino_vits14,1,4,dit_x0,,2,da8
,0.8341178063383664,dino_vits14,2,4,dit_x0,,2,da8
,0.8248166494163602,dino_vits14,3,4,dit_x0,,2,da8
,0.8152449460547884,dino_vits14,4,4,dit_x0,,2,da8
,0.9194957277699576,dino_vits14,1,4,mlp_residual,,2,da8
,0.8734722675971823,dino_vits14,2,4,mlp_residual,,2,da8
,0.8401370536887265,dino_vits14,3,4,mlp_residual,,2,da8
,0.8188346571358264,dino_vits14,4,4,mlp_residual,,2,da8
,0.8464850112287117,vit_s16,1,4,dit_x0,,0,da8
,0.8393159047288854,vit_s16,2,4,dit_x0,,0,da8
,0.8333356828789887,vit_s16,3,4,dit_x0,,0,da8
,0.8264310040978141,vit_s16,4,4,dit_x0,,0,da8
,0.9138146481581733,vit_s16,1,4,mlp_residual,,0,da8
,0.8777271523469488,vit_s16,2,4,mlp_residual,,0,da8
,0.8538446139532562,vit_s16,3,4,mlp_residual,,0,da8
,0.8388296959034564,vit_s16,4,4,mlp_residual,,0,da8
,0.8474242883890972,vit_s16,1,4,dit_x0,,1,da8
,0.8406343588553621,vit_s16,2,4,dit_x0,,1,da8
,0.8348713607492427,vit_s16,3,4,dit_x0,,1,da8
,0.8276044215899064,vit_s16,4,4,dit_x0,,1,da8
,0.9135456243593505,vit_s16,1,4,mlp_residual,,1,da8
,0.877787796811746,vit_s16,2,4,mlp_residual,,1,da8
,0.8541658890381535,vit_s16,3,4,mlp_residual,,1,da8
,0.8396322197922043,vit_s16,4,4,mlp_residual,,1,da8
,0.8490847305830037,vit_s16,1,4,dit_x0,,2,da8
,0.8420212100321658,vit_s16,2,4,dit_x0,,2,da8
,0.8366249128117467,vit_s16,3,4,dit_x0,,2,da8
,0.8304696773818375,vit_s16,4,4,dit_x0,,2,da8
,0.9133596847936838,vit_s16,1,4,mlp_residual,,2,da8
,0.8772001123929908,vit_s16,2,4,mlp_residual,,2,da8
,0.853761345989525,vit_s16,3,4,mlp_residual,,2,da8
,0.8396273343891736,vit_s16,4,4,mlp_residual,,2,da8
,0.9786090298230455,vjepa2_rep1,1,4,dit_x0,,0,da8
,0.9755263503659451,vjepa2_rep1,2,4,dit_x0,,0,da8
,0.9725025280482392,vjepa2_rep1,3,4,dit_x0,,0,da8
,0.9690276359055486,vjepa2_rep1,4,4,dit_x0,,0,da8
,0.9880980635771652,vjepa2_rep1,1,4,mlp_residual,,0,da8
,0.9813808484102972,vjepa2_rep1,2,4,mlp_residual,,0,da8
,0.976554829776452,vjepa2_rep1,3,4,mlp_residual,,0,da8
,0.9723718829382871,vjepa2_rep1,4,4,mlp_residual,,0,da8
,0.9786062801999565,vjepa2_rep1,1,4,dit_x0,,1,da8
,0.9762168133868175,vjepa2_rep1,2,4,dit_x0,,1,da8
,0.973789740233519,vjepa2_rep1,3,4,dit_x0,,1,da8
,0.9711714162226422,vjepa2_rep1,4,4,dit_x0,,1,da8
,0.9872974065600076,vjepa2_rep1,1,4,mlp_residual,,1,da8
,0.9803660959967786,vjepa2_rep1,2,4,mlp_residual,,1,da8
,0.9753784331740389,vjepa2_rep1,3,4,mlp_residual,,1,da8
,0.9709207112772875,vjepa2_rep1,4,4,mlp_residual,,1,da8
,0.9752502180945282,vjepa2_rep1,1,4,dit_x0,,2,da8
,0.9728849945659677,vjepa2_rep1,2,4,dit_x0,,2,da8
,0.9698814579340161,vjepa2_rep1,3,4,dit_x0,,2,da8
,0.9670090394654515,vjepa2_rep1,4,4,dit_x0,,2,da8
,0.9871841130781974,vjepa2_rep1,1,4,mlp_residual,,2,da8
,0.9800830755886677,vjepa2_rep1,2,4,mlp_residual,,2,da8
,0.9749980292256016,vjepa2_rep1,3,4,mlp_residual,,2,da8
,0.9703462427888635,vjepa2_rep1,4,4,mlp_residual,,2,da8
,0.9849731774760427,vjepa2_rep64,1,4,dit_x0,,0,da8
,0.9830221544664534,vjepa2_rep64,2,4,dit_x0,,0,da8
,0.9796444832519712,vjepa2_rep64,3,4,dit_x0,,0,da8
,0.9759075561117964,vjepa2_rep64,4,4,dit_x0,,0,da8
,0.9936958175014363,vjepa2_rep64,1,4,mlp_residual,,0,da8
,0.9879490003569976,vjepa2_rep64,2,4,mlp_residual,,0,da8
,0.982756116817437,vjepa2_rep64,3,4,mlp_residual,,0,da8
,0.9783486392494056,vjepa2_rep64,4,4,mlp_residual,,0,da8
,0.9855331777096411,vjepa2_rep64,1,4,dit_x0,,1,da8
,0.983724514218049,vjepa2_rep64,2,4,dit_x0,,1,da8
,0.9805619246318653,vjepa2_rep64,3,4,dit_x0,,1,da8
,0.9769725887554117,vjepa2_rep64,4,4,dit_x0,,1,da8
,0.9935920421081532,vjepa2_rep64,1,4,mlp_residual,,1,da8
,0.9880771457456007,vjepa2_rep64,2,4,mlp_residual,,1,da8
,0.9829684347436753,vjepa2_rep64,3,4,mlp_residual,,1,da8
,0.9787693273583381,vjepa2_rep64,4,4,mlp_residual,,1,da8
,0.9847606751152809,vjepa2_rep64,1,4,dit_x0,,2,da8
,0.9829763949940314,vjepa2_rep64,2,4,dit_x0,,2,da8
,0.9795660746451739,vjepa2_rep64,3,4,dit_x0,,2,da8
,0.9757287454332323,vjepa2_rep64,4,4,dit_x0,,2,da8
,0.9935762673247936,vjepa2_rep64,1,4,mlp_residual,,2,da8
,0.987734422051922,vjepa2_rep64,2,4,mlp_residual,,2,da8
,0.9821930917168614,vjepa2_rep64,3,4,mlp_residual,,2,da8
,0.9776096277119027,vjepa2_rep64,4,4,mlp_residual,,2,da8
,0.9911055528803007,vq_track,1,4,dit_x0,,0,da8
,0.9899836306335258,vq_track,2,4,dit_x0,,0,da8
,0.9886360682339482,vq_track,3,4,dit_x0,,0,da8
,0.9877913567077896,vq_track,4,4,dit_x0,,0,da8
,0.9943315977978957,vq_track,1,4,mlp_residual,,0,da8
,0.9918277794682555,vq_track,2,4,mlp_residual,,0,da8
,0.9899433753349218,vq_track,3,4,mlp_residual,,0,da8
,0.9881756513799375,vq_track,4,4,mlp_residual,,0,da8
,0.9903336148526884,vq_track,1,4,dit_x0,,1,da8
,0.9890695548317138,vq_track,2,4,dit_x0,,1,da8
,0.987924754256625,vq_track,3,4,dit_x0,,1,da8
,0.9871228765926583,vq_track,4,4,dit_x0,,1,da8
,0.9940128998686893,vq_track,1,4,mlp_residual,,1,da8
,0.9914953418709868,vq_track,2,4,mlp_residual,,1,da8
,0.9893814554335909,vq_track,3,4,mlp_residual,,1,da8
,0.9877379875513961,vq_track,4,4,mlp_residual,,1,da8
,0.9903272054010177,vq_track,1,4,dit_x0,,2,da8
,0.9889160426566248,vq_track,2,4,dit_x0,,2,da8
,0.9879341526738963,vq_track,3,4,dit_x0,,2,da8
,0.986704778310491,vq_track,4,4,dit_x0,,2,da8
,0.9941987704473968,vq_track,1,4,mlp_residual,,2,da8
,0.9917761624398366,vq_track,2,4,mlp_residual,,2,da8
,0.9898204476130715,vq_track,3,4,mlp_residual,,2,da8
,0.9881042055283817,vq_track,4,4,mlp_residual,,2,da8
0.958068,0.904515,clip_b32,1,8,dit_x0,4819,0,da9
0.943499,0.902699,clip_b32,2,8,dit_x0,4819,0,da9
0.933276,0.90048,clip_b32,3,8,dit_x0,4819,0,da9
0.925588,0.89932,clip_b32,4,8,dit_x0,4819,0,da9
0.919498,0.898294,clip_b32,5,8,dit_x0,4819,0,da9
0.91394,0.896828,clip_b32,6,8,dit_x0,4819,0,da9
0.908872,0.89513,clip_b32,7,8,dit_x0,4819,0,da9
0.904936,0.894021,clip_b32,8,8,dit_x0,4819,0,da9
,0.958068,clip_b32,1,8,copy,4819,0,da9
,0.943499,clip_b32,2,8,copy,4819,0,da9
,0.933276,clip_b32,3,8,copy,4819,0,da9
,0.925588,clip_b32,4,8,copy,4819,0,da9
,0.919498,clip_b32,5,8,copy,4819,0,da9
,0.91394,clip_b32,6,8,copy,4819,0,da9
,0.908872,clip_b32,7,8,copy,4819,0,da9
,0.904936,clip_b32,8,8,copy,4819,0,da9
0.957701,0.922253,clip_b32,1,8,mlp_fair,4819,0,da9
0.942948,0.918658,clip_b32,2,8,mlp_fair,4819,0,da9
0.932572,0.915155,clip_b32,3,8,mlp_fair,4819,0,da9
0.924708,0.911945,clip_b32,4,8,mlp_fair,4819,0,da9
0.918482,0.909355,clip_b32,5,8,mlp_fair,4819,0,da9
0.912815,0.906753,clip_b32,6,8,mlp_fair,4819,0,da9
0.907596,0.904706,clip_b32,7,8,mlp_fair,4819,0,da9
0.903603,0.903481,clip_b32,8,8,mlp_fair,4819,0,da9
0.957701,0.956849,clip_b32,1,8,mlp_residual,4819,0,da9
0.942948,0.941456,clip_b32,2,8,mlp_residual,4819,0,da9
0.932572,0.931601,clip_b32,3,8,mlp_residual,4819,0,da9
0.924708,0.924566,clip_b32,4,8,mlp_residual,4819,0,da9
0.918482,0.919332,clip_b32,5,8,mlp_residual,4819,0,da9
0.912815,0.914296,clip_b32,6,8,mlp_residual,4819,0,da9
0.907596,0.910104,clip_b32,7,8,mlp_residual,4819,0,da9
0.903603,0.907527,clip_b32,8,8,mlp_residual,4819,0,da9
0.957319,0.897082,clip_b32,1,8,dit_x0,4819,1,da9
0.942461,0.895539,clip_b32,2,8,dit_x0,4819,1,da9
0.931989,0.892138,clip_b32,3,8,dit_x0,4819,1,da9
0.92405,0.890976,clip_b32,4,8,dit_x0,4819,1,da9
0.91774,0.88917,clip_b32,5,8,dit_x0,4819,1,da9
0.911963,0.886911,clip_b32,6,8,dit_x0,4819,1,da9
0.906693,0.885353,clip_b32,7,8,dit_x0,4819,1,da9
0.902611,0.883542,clip_b32,8,8,dit_x0,4819,1,da9
,0.957319,clip_b32,1,8,copy,4819,1,da9
,0.942461,clip_b32,2,8,copy,4819,1,da9
,0.931989,clip_b32,3,8,copy,4819,1,da9
,0.92405,clip_b32,4,8,copy,4819,1,da9
,0.91774,clip_b32,5,8,copy,4819,1,da9
,0.911963,clip_b32,6,8,copy,4819,1,da9
,0.906693,clip_b32,7,8,copy,4819,1,da9
,0.902611,clip_b32,8,8,copy,4819,1,da9
0.95694,0.92059,clip_b32,1,8,mlp_fair,4819,1,da9
0.941961,0.91706,clip_b32,2,8,mlp_fair,4819,1,da9
0.93141,0.913502,clip_b32,3,8,mlp_fair,4819,1,da9
0.92344,0.910208,clip_b32,4,8,mlp_fair,4819,1,da9
0.917107,0.907623,clip_b32,5,8,mlp_fair,4819,1,da9
0.911322,0.90521,clip_b32,6,8,mlp_fair,4819,1,da9
0.906019,0.902982,clip_b32,7,8,mlp_fair,4819,1,da9
0.90192,0.901771,clip_b32,8,8,mlp_fair,4819,1,da9
0.95694,0.955884,clip_b32,1,8,mlp_residual,4819,1,da9
0.941961,0.94038,clip_b32,2,8,mlp_residual,4819,1,da9
0.93141,0.930299,clip_b32,3,8,mlp_residual,4819,1,da9
0.92344,0.923137,clip_b32,4,8,mlp_residual,4819,1,da9
0.917107,0.917914,clip_b32,5,8,mlp_residual,4819,1,da9
0.911322,0.913126,clip_b32,6,8,mlp_residual,4819,1,da9
0.906019,0.909285,clip_b32,7,8,mlp_residual,4819,1,da9
0.90192,0.906309,clip_b32,8,8,mlp_residual,4819,1,da9
0.957919,0.904553,clip_b32,1,8,dit_x0,4819,2,da9
0.943215,0.902773,clip_b32,2,8,dit_x0,4819,2,da9
0.932937,0.90094,clip_b32,3,8,dit_x0,4819,2,da9
0.925153,0.89942,clip_b32,4,8,dit_x0,4819,2,da9
0.918906,0.897656,clip_b32,5,8,dit_x0,4819,2,da9
0.913207,0.896155,clip_b32,6,8,dit_x0,4819,2,da9
0.907988,0.894083,clip_b32,7,8,dit_x0,4819,2,da9
0.903965,0.893004,clip_b32,8,8,dit_x0,4819,2,da9
,0.957919,clip_b32,1,8,copy,4819,2,da9
,0.943215,clip_b32,2,8,copy,4819,2,da9
,0.932937,clip_b32,3,8,copy,4819,2,da9
,0.925153,clip_b32,4,8,copy,4819,2,da9
,0.918906,clip_b32,5,8,copy,4819,2,da9
,0.913207,clip_b32,6,8,copy,4819,2,da9
,0.907988,clip_b32,7,8,copy,4819,2,da9
,0.903965,clip_b32,8,8,copy,4819,2,da9
0.957753,0.922097,clip_b32,1,8,mlp_fair,4819,2,da9
0.942982,0.918644,clip_b32,2,8,mlp_fair,4819,2,da9
0.932576,0.914955,clip_b32,3,8,mlp_fair,4819,2,da9
0.924707,0.911932,clip_b32,4,8,mlp_fair,4819,2,da9
0.918523,0.909059,clip_b32,5,8,mlp_fair,4819,2,da9
0.912847,0.906165,clip_b32,6,8,mlp_fair,4819,2,da9
0.907744,0.903925,clip_b32,7,8,mlp_fair,4819,2,da9
0.903714,0.902698,clip_b32,8,8,mlp_fair,4819,2,da9
0.957753,0.957168,clip_b32,1,8,mlp_residual,4819,2,da9
0.942982,0.942024,clip_b32,2,8,mlp_residual,4819,2,da9
0.932576,0.932333,clip_b32,3,8,mlp_residual,4819,2,da9
0.924707,0.925623,clip_b32,4,8,mlp_residual,4819,2,da9
0.918523,0.920543,clip_b32,5,8,mlp_residual,4819,2,da9
0.912847,0.915914,clip_b32,6,8,mlp_residual,4819,2,da9
0.907744,0.911484,clip_b32,7,8,mlp_residual,4819,2,da9
0.903714,0.908728,clip_b32,8,8,mlp_residual,4819,2,da9
0.958167,0.891269,clip_b32,1,16,dit_x0,3619,0,da9
0.943539,0.889396,clip_b32,2,16,dit_x0,3619,0,da9
0.933292,0.888716,clip_b32,3,16,dit_x0,3619,0,da9
0.925427,0.886477,clip_b32,4,16,dit_x0,3619,0,da9
0.919356,0.885196,clip_b32,5,16,dit_x0,3619,0,da9
0.913923,0.884849,clip_b32,6,16,dit_x0,3619,0,da9
0.908853,0.883866,clip_b32,7,16,dit_x0,3619,0,da9
0.905143,0.882984,clip_b32,8,16,dit_x0,3619,0,da9
0.901918,0.882383,clip_b32,9,16,dit_x0,3619,0,da9
0.898566,0.881,clip_b32,10,16,dit_x0,3619,0,da9
0.895706,0.880594,clip_b32,11,16,dit_x0,3619,0,da9
0.892789,0.879953,clip_b32,12,16,dit_x0,3619,0,da9
0.890323,0.878813,clip_b32,13,16,dit_x0,3619,0,da9
0.887662,0.878292,clip_b32,14,16,dit_x0,3619,0,da9
0.885429,0.876606,clip_b32,15,16,dit_x0,3619,0,da9
0.883373,0.875421,clip_b32,16,16,dit_x0,3619,0,da9
,0.958167,clip_b32,1,16,copy,3619,0,da9
,0.943539,clip_b32,2,16,copy,3619,0,da9
,0.933292,clip_b32,3,16,copy,3619,0,da9
,0.925427,clip_b32,4,16,copy,3619,0,da9
,0.919356,clip_b32,5,16,copy,3619,0,da9
,0.913923,clip_b32,6,16,copy,3619,0,da9
,0.908853,clip_b32,7,16,copy,3619,0,da9
,0.905143,clip_b32,8,16,copy,3619,0,da9
,0.901918,clip_b32,9,16,copy,3619,0,da9
,0.898566,clip_b32,10,16,copy,3619,0,da9
,0.895706,clip_b32,11,16,copy,3619,0,da9
,0.892789,clip_b32,12,16,copy,3619,0,da9
,0.890323,clip_b32,13,16,copy,3619,0,da9
,0.887662,clip_b32,14,16,copy,3619,0,da9
,0.885429,clip_b32,15,16,copy,3619,0,da9
,0.883373,clip_b32,16,16,copy,3619,0,da9
0.957798,0.919712,clip_b32,1,16,mlp_fair,3619,0,da9
0.942998,0.916826,clip_b32,2,16,mlp_fair,3619,0,da9
0.93258,0.913964,clip_b32,3,16,mlp_fair,3619,0,da9
0.924521,0.911357,clip_b32,4,16,mlp_fair,3619,0,da9
0.91828,0.908903,clip_b32,5,16,mlp_fair,3619,0,da9
0.912724,0.906774,clip_b32,6,16,mlp_fair,3619,0,da9
0.907462,0.904698,clip_b32,7,16,mlp_fair,3619,0,da9
0.903664,0.903237,clip_b32,8,16,mlp_fair,3619,0,da9
0.900488,0.901789,clip_b32,9,16,mlp_fair,3619,0,da9
0.897111,0.900403,clip_b32,10,16,mlp_fair,3619,0,da9
0.894274,0.89924,clip_b32,11,16,mlp_fair,3619,0,da9
0.891395,0.898514,clip_b32,12,16,mlp_fair,3619,0,da9
0.888887,0.897975,clip_b32,13,16,mlp_fair,3619,0,da9
0.886204,0.897079,clip_b32,14,16,mlp_fair,3619,0,da9
0.883883,0.895879,clip_b32,15,16,mlp_fair,3619,0,da9
0.881777,0.895461,clip_b32,16,16,mlp_fair,3619,0,da9
0.957798,0.956564,clip_b32,1,16,mlp_residual,3619,0,da9
0.942998,0.940238,clip_b32,2,16,mlp_residual,3619,0,da9
0.93258,0.928838,clip_b32,3,16,mlp_residual,3619,0,da9
0.924521,0.921397,clip_b32,4,16,mlp_residual,3619,0,da9
0.91828,0.915828,clip_b32,5,16,mlp_residual,3619,0,da9
0.912724,0.911378,clip_b32,6,16,mlp_residual,3619,0,da9
0.907462,0.907797,clip_b32,7,16,mlp_residual,3619,0,da9
0.903664,0.904838,clip_b32,8,16,mlp_residual,3619,0,da9
0.900488,0.902669,clip_b32,9,16,mlp_residual,3619,0,da9
0.897111,0.900241,clip_b32,10,16,mlp_residual,3619,0,da9
0.894274,0.898217,clip_b32,11,16,mlp_residual,3619,0,da9
0.891395,0.895572,clip_b32,12,16,mlp_residual,3619,0,da9
0.888887,0.893576,clip_b32,13,16,mlp_residual,3619,0,da9
0.886204,0.891199,clip_b32,14,16,mlp_residual,3619,0,da9
0.883883,0.88961,clip_b32,15,16,mlp_residual,3619,0,da9
0.881777,0.888336,clip_b32,16,16,mlp_residual,3619,0,da9
0.957378,0.888319,clip_b32,1,16,dit_x0,3619,1,da9
0.94247,0.886372,clip_b32,2,16,dit_x0,3619,1,da9
0.931955,0.885165,clip_b32,3,16,dit_x0,3619,1,da9
0.923846,0.883555,clip_b32,4,16,dit_x0,3619,1,da9
0.917523,0.884402,clip_b32,5,16,dit_x0,3619,1,da9
0.911865,0.882359,clip_b32,6,16,dit_x0,3619,1,da9
0.906553,0.881351,clip_b32,7,16,dit_x0,3619,1,da9
0.902662,0.880394,clip_b32,8,16,dit_x0,3619,1,da9
0.899466,0.879721,clip_b32,9,16,dit_x0,3619,1,da9
0.895987,0.878794,clip_b32,10,16,dit_x0,3619,1,da9
0.893054,0.878087,clip_b32,11,16,dit_x0,3619,1,da9
0.890139,0.876682,clip_b32,12,16,dit_x0,3619,1,da9
0.887584,0.876384,clip_b32,13,16,dit_x0,3619,1,da9
0.884947,0.875447,clip_b32,14,16,dit_x0,3619,1,da9
0.882578,0.874287,clip_b32,15,16,dit_x0,3619,1,da9
0.880451,0.872701,clip_b32,16,16,dit_x0,3619,1,da9
,0.957378,clip_b32,1,16,copy,3619,1,da9
,0.94247,clip_b32,2,16,copy,3619,1,da9
,0.931955,clip_b32,3,16,copy,3619,1,da9
,0.923846,clip_b32,4,16,copy,3619,1,da9
,0.917523,clip_b32,5,16,copy,3619,1,da9
,0.911865,clip_b32,6,16,copy,3619,1,da9
,0.906553,clip_b32,7,16,copy,3619,1,da9
,0.902662,clip_b32,8,16,copy,3619,1,da9
,0.899466,clip_b32,9,16,copy,3619,1,da9
,0.895987,clip_b32,10,16,copy,3619,1,da9
,0.893054,clip_b32,11,16,copy,3619,1,da9
,0.890139,clip_b32,12,16,copy,3619,1,da9
,0.887584,clip_b32,13,16,copy,3619,1,da9
,0.884947,clip_b32,14,16,copy,3619,1,da9
,0.882578,clip_b32,15,16,copy,3619,1,da9
,0.880451,clip_b32,16,16,copy,3619,1,da9
0.957041,0.917771,clip_b32,1,16,mlp_fair,3619,1,da9
0.941993,0.914696,clip_b32,2,16,mlp_fair,3619,1,da9
0.931433,0.91184,clip_b32,3,16,mlp_fair,3619,1,da9
0.923297,0.909179,clip_b32,4,16,mlp_fair,3619,1,da9
0.916948,0.906776,clip_b32,5,16,mlp_fair,3619,1,da9
0.911278,0.904457,clip_b32,6,16,mlp_fair,3619,1,da9
0.90595,0.902545,clip_b32,7,16,mlp_fair,3619,1,da9
0.902063,0.900739,clip_b32,8,16,mlp_fair,3619,1,da9
0.898778,0.899243,clip_b32,9,16,mlp_fair,3619,1,da9
0.895337,0.897785,clip_b32,10,16,mlp_fair,3619,1,da9
0.892385,0.896692,clip_b32,11,16,mlp_fair,3619,1,da9
0.889408,0.895849,clip_b32,12,16,mlp_fair,3619,1,da9
0.886871,0.894896,clip_b32,13,16,mlp_fair,3619,1,da9
0.884175,0.89397,clip_b32,14,16,mlp_fair,3619,1,da9
0.881837,0.89308,clip_b32,15,16,mlp_fair,3619,1,da9
0.879639,0.892847,clip_b32,16,16,mlp_fair,3619,1,da9
0.957041,0.955883,clip_b32,1,16,mlp_residual,3619,1,da9
0.941993,0.938969,clip_b32,2,16,mlp_residual,3619,1,da9
0.931433,0.927508,clip_b32,3,16,mlp_residual,3619,1,da9
0.923297,0.919965,clip_b32,4,16,mlp_residual,3619,1,da9
0.916948,0.913903,clip_b32,5,16,mlp_residual,3619,1,da9
0.911278,0.909468,clip_b32,6,16,mlp_residual,3619,1,da9
0.90595,0.905676,clip_b32,7,16,mlp_residual,3619,1,da9
0.902063,0.90295,clip_b32,8,16,mlp_residual,3619,1,da9
0.898778,0.900718,clip_b32,9,16,mlp_residual,3619,1,da9
0.895337,0.898172,clip_b32,10,16,mlp_residual,3619,1,da9
0.892385,0.895733,clip_b32,11,16,mlp_residual,3619,1,da9
0.889408,0.893044,clip_b32,12,16,mlp_residual,3619,1,da9
0.886871,0.890868,clip_b32,13,16,mlp_residual,3619,1,da9
0.884175,0.888238,clip_b32,14,16,mlp_residual,3619,1,da9
0.881837,0.886057,clip_b32,15,16,mlp_residual,3619,1,da9
0.879639,0.885335,clip_b32,16,16,mlp_residual,3619,1,da9
0.957985,0.890268,clip_b32,1,16,dit_x0,3619,2,da9
0.943212,0.889368,clip_b32,2,16,dit_x0,3619,2,da9
0.932908,0.887929,clip_b32,3,16,dit_x0,3619,2,da9
0.924951,0.88642,clip_b32,4,16,dit_x0,3619,2,da9
0.918673,0.886074,clip_b32,5,16,dit_x0,3619,2,da9
0.913106,0.883992,clip_b32,6,16,dit_x0,3619,2,da9
0.90785,0.883558,clip_b32,7,16,dit_x0,3619,2,da9
0.904018,0.882134,clip_b32,8,16,dit_x0,3619,2,da9
0.900776,0.881472,clip_b32,9,16,dit_x0,3619,2,da9
0.897411,0.880971,clip_b32,10,16,dit_x0,3619,2,da9
0.89457,0.879363,clip_b32,11,16,dit_x0,3619,2,da9
0.891632,0.878832,clip_b32,12,16,dit_x0,3619,2,da9
0.889144,0.877015,clip_b32,13,16,dit_x0,3619,2,da9
0.886529,0.876383,clip_b32,14,16,dit_x0,3619,2,da9
0.884144,0.874407,clip_b32,15,16,dit_x0,3619,2,da9
0.882003,0.87464,clip_b32,16,16,dit_x0,3619,2,da9
,0.957985,clip_b32,1,16,copy,3619,2,da9
,0.943212,clip_b32,2,16,copy,3619,2,da9
,0.932908,clip_b32,3,16,copy,3619,2,da9
,0.924951,clip_b32,4,16,copy,3619,2,da9
,0.918673,clip_b32,5,16,copy,3619,2,da9
,0.913106,clip_b32,6,16,copy,3619,2,da9
,0.90785,clip_b32,7,16,copy,3619,2,da9
,0.904018,clip_b32,8,16,copy,3619,2,da9
,0.900776,clip_b32,9,16,copy,3619,2,da9
,0.897411,clip_b32,10,16,copy,3619,2,da9
,0.89457,clip_b32,11,16,copy,3619,2,da9
,0.891632,clip_b32,12,16,copy,3619,2,da9
,0.889144,clip_b32,13,16,copy,3619,2,da9
,0.886529,clip_b32,14,16,copy,3619,2,da9
,0.884144,clip_b32,15,16,copy,3619,2,da9
,0.882003,clip_b32,16,16,copy,3619,2,da9
0.957834,0.918016,clip_b32,1,16,mlp_fair,3619,2,da9
0.942982,0.914919,clip_b32,2,16,mlp_fair,3619,2,da9
0.932554,0.912283,clip_b32,3,16,mlp_fair,3619,2,da9
0.924479,0.909645,clip_b32,4,16,mlp_fair,3619,2,da9
0.918251,0.907426,clip_b32,5,16,mlp_fair,3619,2,da9
0.912703,0.905185,clip_b32,6,16,mlp_fair,3619,2,da9
0.907554,0.903458,clip_b32,7,16,mlp_fair,3619,2,da9
0.90371,0.902023,clip_b32,8,16,mlp_fair,3619,2,da9
0.900517,0.901074,clip_b32,9,16,mlp_fair,3619,2,da9
0.89719,0.899888,clip_b32,10,16,mlp_fair,3619,2,da9
0.894339,0.898893,clip_b32,11,16,mlp_fair,3619,2,da9
0.891479,0.897768,clip_b32,12,16,mlp_fair,3619,2,da9
0.889013,0.896768,clip_b32,13,16,mlp_fair,3619,2,da9
0.886455,0.895702,clip_b32,14,16,mlp_fair,3619,2,da9
0.884214,0.894638,clip_b32,15,16,mlp_fair,3619,2,da9
0.8821,0.894019,clip_b32,16,16,mlp_fair,3619,2,da9
0.957834,0.956841,clip_b32,1,16,mlp_residual,3619,2,da9
0.942982,0.940191,clip_b32,2,16,mlp_residual,3619,2,da9
0.932554,0.929062,clip_b32,3,16,mlp_residual,3619,2,da9
0.924479,0.921536,clip_b32,4,16,mlp_residual,3619,2,da9
0.918251,0.915764,clip_b32,5,16,mlp_residual,3619,2,da9
0.912703,0.911523,clip_b32,6,16,mlp_residual,3619,2,da9
0.907554,0.908071,clip_b32,7,16,mlp_residual,3619,2,da9
0.90371,0.905072,clip_b32,8,16,mlp_residual,3619,2,da9
0.900517,0.902842,clip_b32,9,16,mlp_residual,3619,2,da9
0.89719,0.900638,clip_b32,10,16,mlp_residual,3619,2,da9
0.894339,0.898438,clip_b32,11,16,mlp_residual,3619,2,da9
0.891479,0.89617,clip_b32,12,16,mlp_residual,3619,2,da9
0.889013,0.89464,clip_b32,13,16,mlp_residual,3619,2,da9
0.886455,0.892305,clip_b32,14,16,mlp_residual,3619,2,da9
0.884214,0.890604,clip_b32,15,16,mlp_residual,3619,2,da9
0.8821,0.889481,clip_b32,16,16,mlp_residual,3619,2,da9
0.932316,0.808056,dino_vits14,1,8,dit_x0,4819,0,da9
0.899393,0.804358,dino_vits14,2,8,dit_x0,4819,0,da9
0.873531,0.798595,dino_vits14,3,8,dit_x0,4819,0,da9
0.852612,0.793776,dino_vits14,4,8,dit_x0,4819,0,da9
0.834635,0.787897,dino_vits14,5,8,dit_x0,4819,0,da9
0.818791,0.783054,dino_vits14,6,8,dit_x0,4819,0,da9
0.804186,0.776689,dino_vits14,7,8,dit_x0,4819,0,da9
0.792022,0.77161,dino_vits14,8,8,dit_x0,4819,0,da9
,0.932316,dino_vits14,1,8,copy,4819,0,da9
,0.899393,dino_vits14,2,8,copy,4819,0,da9
,0.873531,dino_vits14,3,8,copy,4819,0,da9
,0.852612,dino_vits14,4,8,copy,4819,0,da9
,0.834635,dino_vits14,5,8,copy,4819,0,da9
,0.818791,dino_vits14,6,8,copy,4819,0,da9
,0.804186,dino_vits14,7,8,copy,4819,0,da9
,0.792022,dino_vits14,8,8,copy,4819,0,da9
0.932316,0.825446,dino_vits14,1,8,mlp_fair,4819,0,da9
0.899393,0.815918,dino_vits14,2,8,mlp_fair,4819,0,da9
0.873531,0.806652,dino_vits14,3,8,mlp_fair,4819,0,da9
0.852612,0.797106,dino_vits14,4,8,mlp_fair,4819,0,da9
0.834635,0.78795,dino_vits14,5,8,mlp_fair,4819,0,da9
0.818791,0.779013,dino_vits14,6,8,mlp_fair,4819,0,da9
0.804186,0.771962,dino_vits14,7,8,mlp_fair,4819,0,da9
0.792022,0.76697,dino_vits14,8,8,mlp_fair,4819,0,da9
0.932316,0.926872,dino_vits14,1,8,mlp_residual,4819,0,da9
0.899393,0.887387,dino_vits14,2,8,mlp_residual,4819,0,da9
0.873531,0.857482,dino_vits14,3,8,mlp_residual,4819,0,da9
0.852612,0.83629,dino_vits14,4,8,mlp_residual,4819,0,da9
0.834635,0.819003,dino_vits14,5,8,mlp_residual,4819,0,da9
0.818791,0.804205,dino_vits14,6,8,mlp_residual,4819,0,da9
0.804186,0.791816,dino_vits14,7,8,mlp_residual,4819,0,da9
0.792022,0.78311,dino_vits14,8,8,mlp_residual,4819,0,da9
0.932316,0.802251,dino_vits14,1,8,dit_x0,4819,1,da9
0.899393,0.796508,dino_vits14,2,8,dit_x0,4819,1,da9
0.873531,0.792782,dino_vits14,3,8,dit_x0,4819,1,da9
0.852612,0.788158,dino_vits14,4,8,dit_x0,4819,1,da9
0.834635,0.782628,dino_vits14,5,8,dit_x0,4819,1,da9
0.818791,0.777274,dino_vits14,6,8,dit_x0,4819,1,da9
0.804186,0.770216,dino_vits14,7,8,dit_x0,4819,1,da9
0.792022,0.765089,dino_vits14,8,8,dit_x0,4819,1,da9
,0.932316,dino_vits14,1,8,copy,4819,1,da9
,0.899393,dino_vits14,2,8,copy,4819,1,da9
,0.873531,dino_vits14,3,8,copy,4819,1,da9
,0.852612,dino_vits14,4,8,copy,4819,1,da9
,0.834635,dino_vits14,5,8,copy,4819,1,da9
,0.818791,dino_vits14,6,8,copy,4819,1,da9
,0.804186,dino_vits14,7,8,copy,4819,1,da9
,0.792022,dino_vits14,8,8,copy,4819,1,da9
0.932316,0.825194,dino_vits14,1,8,mlp_fair,4819,1,da9
0.899393,0.815923,dino_vits14,2,8,mlp_fair,4819,1,da9
0.873531,0.806346,dino_vits14,3,8,mlp_fair,4819,1,da9
0.852612,0.797042,dino_vits14,4,8,mlp_fair,4819,1,da9
0.834635,0.787001,dino_vits14,5,8,mlp_fair,4819,1,da9
0.818791,0.777805,dino_vits14,6,8,mlp_fair,4819,1,da9
0.804186,0.769249,dino_vits14,7,8,mlp_fair,4819,1,da9
0.792022,0.763312,dino_vits14,8,8,mlp_fair,4819,1,da9
0.932316,0.926506,dino_vits14,1,8,mlp_residual,4819,1,da9
0.899393,0.886757,dino_vits14,2,8,mlp_residual,4819,1,da9
0.873531,0.856746,dino_vits14,3,8,mlp_residual,4819,1,da9
0.852612,0.834497,dino_vits14,4,8,mlp_residual,4819,1,da9
0.834635,0.817088,dino_vits14,5,8,mlp_residual,4819,1,da9
0.818791,0.802796,dino_vits14,6,8,mlp_residual,4819,1,da9
0.804186,0.790217,dino_vits14,7,8,mlp_residual,4819,1,da9
0.792022,0.781653,dino_vits14,8,8,mlp_residual,4819,1,da9
0.932316,0.791625,dino_vits14,1,8,dit_x0,4819,2,da9
0.899393,0.78732,dino_vits14,2,8,dit_x0,4819,2,da9
0.873531,0.783889,dino_vits14,3,8,dit_x0,4819,2,da9
0.852612,0.779018,dino_vits14,4,8,dit_x0,4819,2,da9
0.834635,0.774985,dino_vits14,5,8,dit_x0,4819,2,da9
0.818791,0.769934,dino_vits14,6,8,dit_x0,4819,2,da9
0.804186,0.763379,dino_vits14,7,8,dit_x0,4819,2,da9
0.792022,0.757861,dino_vits14,8,8,dit_x0,4819,2,da9
,0.932316,dino_vits14,1,8,copy,4819,2,da9
,0.899393,dino_vits14,2,8,copy,4819,2,da9
,0.873531,dino_vits14,3,8,copy,4819,2,da9
,0.852612,dino_vits14,4,8,copy,4819,2,da9
,0.834635,dino_vits14,5,8,copy,4819,2,da9
,0.818791,dino_vits14,6,8,copy,4819,2,da9
,0.804186,dino_vits14,7,8,copy,4819,2,da9
,0.792022,dino_vits14,8,8,copy,4819,2,da9
0.932316,0.824098,dino_vits14,1,8,mlp_fair,4819,2,da9
0.899393,0.814557,dino_vits14,2,8,mlp_fair,4819,2,da9
0.873531,0.805124,dino_vits14,3,8,mlp_fair,4819,2,da9
0.852612,0.795383,dino_vits14,4,8,mlp_fair,4819,2,da9
0.834635,0.785069,dino_vits14,5,8,mlp_fair,4819,2,da9
0.818791,0.775491,dino_vits14,6,8,mlp_fair,4819,2,da9
0.804186,0.766945,dino_vits14,7,8,mlp_fair,4819,2,da9
0.792022,0.760969,dino_vits14,8,8,mlp_fair,4819,2,da9
0.932316,0.926635,dino_vits14,1,8,mlp_residual,4819,2,da9
0.899393,0.887944,dino_vits14,2,8,mlp_residual,4819,2,da9
0.873531,0.857869,dino_vits14,3,8,mlp_residual,4819,2,da9
0.852612,0.835751,dino_vits14,4,8,mlp_residual,4819,2,da9
0.834635,0.818043,dino_vits14,5,8,mlp_residual,4819,2,da9
0.818791,0.803528,dino_vits14,6,8,mlp_residual,4819,2,da9
0.804186,0.79065,dino_vits14,7,8,mlp_residual,4819,2,da9
0.792022,0.782065,dino_vits14,8,8,mlp_residual,4819,2,da9
0.932422,0.764937,dino_vits14,1,16,dit_x0,3619,0,da9
0.89968,0.762594,dino_vits14,2,16,dit_x0,3619,0,da9
0.873568,0.760699,dino_vits14,3,16,dit_x0,3619,0,da9
0.852639,0.757225,dino_vits14,4,16,dit_x0,3619,0,da9
0.834636,0.753207,dino_vits14,5,16,dit_x0,3619,0,da9
0.818855,0.750132,dino_vits14,6,16,dit_x0,3619,0,da9
0.803982,0.74685,dino_vits14,7,16,dit_x0,3619,0,da9
0.7917,0.741928,dino_vits14,8,16,dit_x0,3619,0,da9
0.780901,0.739458,dino_vits14,9,16,dit_x0,3619,0,da9
0.771051,0.736335,dino_vits14,10,16,dit_x0,3619,0,da9
0.762279,0.73103,dino_vits14,11,16,dit_x0,3619,0,da9
0.753949,0.729144,dino_vits14,12,16,dit_x0,3619,0,da9
0.746499,0.725883,dino_vits14,13,16,dit_x0,3619,0,da9
0.739417,0.721049,dino_vits14,14,16,dit_x0,3619,0,da9
0.732966,0.718262,dino_vits14,15,16,dit_x0,3619,0,da9
0.72726,0.714777,dino_vits14,16,16,dit_x0,3619,0,da9
,0.932422,dino_vits14,1,16,copy,3619,0,da9
,0.89968,dino_vits14,2,16,copy,3619,0,da9
,0.873568,dino_vits14,3,16,copy,3619,0,da9
,0.852639,dino_vits14,4,16,copy,3619,0,da9
,0.834636,dino_vits14,5,16,copy,3619,0,da9
,0.818855,dino_vits14,6,16,copy,3619,0,da9
,0.803982,dino_vits14,7,16,copy,3619,0,da9
,0.7917,dino_vits14,8,16,copy,3619,0,da9
,0.780901,dino_vits14,9,16,copy,3619,0,da9
,0.771051,dino_vits14,10,16,copy,3619,0,da9
,0.762279,dino_vits14,11,16,copy,3619,0,da9
,0.753949,dino_vits14,12,16,copy,3619,0,da9
,0.746499,dino_vits14,13,16,copy,3619,0,da9
,0.739417,dino_vits14,14,16,copy,3619,0,da9
,0.732966,dino_vits14,15,16,copy,3619,0,da9
,0.72726,dino_vits14,16,16,copy,3619,0,da9
0.932422,0.814077,dino_vits14,1,16,mlp_fair,3619,0,da9
0.89968,0.806299,dino_vits14,2,16,mlp_fair,3619,0,da9
0.873568,0.79827,dino_vits14,3,16,mlp_fair,3619,0,da9
0.852639,0.790066,dino_vits14,4,16,mlp_fair,3619,0,da9
0.834636,0.781647,dino_vits14,5,16,mlp_fair,3619,0,da9
0.818855,0.774079,dino_vits14,6,16,mlp_fair,3619,0,da9
0.803982,0.767067,dino_vits14,7,16,mlp_fair,3619,0,da9
0.7917,0.760993,dino_vits14,8,16,mlp_fair,3619,0,da9
0.780901,0.755864,dino_vits14,9,16,mlp_fair,3619,0,da9
0.771051,0.751553,dino_vits14,10,16,mlp_fair,3619,0,da9
0.762279,0.747347,dino_vits14,11,16,mlp_fair,3619,0,da9
0.753949,0.744209,dino_vits14,12,16,mlp_fair,3619,0,da9
0.746499,0.740855,dino_vits14,13,16,mlp_fair,3619,0,da9
0.739417,0.737517,dino_vits14,14,16,mlp_fair,3619,0,da9
0.732966,0.734421,dino_vits14,15,16,mlp_fair,3619,0,da9
0.72726,0.732862,dino_vits14,16,16,mlp_fair,3619,0,da9
0.932422,0.92669,dino_vits14,1,16,mlp_residual,3619,0,da9
0.89968,0.886722,dino_vits14,2,16,mlp_residual,3619,0,da9
0.873568,0.854119,dino_vits14,3,16,mlp_residual,3619,0,da9
0.852639,0.829465,dino_vits14,4,16,mlp_residual,3619,0,da9
0.834636,0.809852,dino_vits14,5,16,mlp_residual,3619,0,da9
0.818855,0.794507,dino_vits14,6,16,mlp_residual,3619,0,da9
0.803982,0.781453,dino_vits14,7,16,mlp_residual,3619,0,da9
0.7917,0.77261,dino_vits14,8,16,mlp_residual,3619,0,da9
0.780901,0.763902,dino_vits14,9,16,mlp_residual,3619,0,da9
0.771051,0.756403,dino_vits14,10,16,mlp_residual,3619,0,da9
0.762279,0.750202,dino_vits14,11,16,mlp_residual,3619,0,da9
0.753949,0.743566,dino_vits14,12,16,mlp_residual,3619,0,da9
0.746499,0.736684,dino_vits14,13,16,mlp_residual,3619,0,da9
0.739417,0.730984,dino_vits14,14,16,mlp_residual,3619,0,da9
0.732966,0.725996,dino_vits14,15,16,mlp_residual,3619,0,da9
0.72726,0.721991,dino_vits14,16,16,mlp_residual,3619,0,da9
0.932422,0.759628,dino_vits14,1,16,dit_x0,3619,1,da9
0.89968,0.756899,dino_vits14,2,16,dit_x0,3619,1,da9
0.873568,0.754769,dino_vits14,3,16,dit_x0,3619,1,da9
0.852639,0.75242,dino_vits14,4,16,dit_x0,3619,1,da9
0.834636,0.748246,dino_vits14,5,16,dit_x0,3619,1,da9
0.818855,0.747405,dino_vits14,6,16,dit_x0,3619,1,da9
0.803982,0.742811,dino_vits14,7,16,dit_x0,3619,1,da9
0.7917,0.740061,dino_vits14,8,16,dit_x0,3619,1,da9
0.780901,0.737077,dino_vits14,9,16,dit_x0,3619,1,da9
0.771051,0.732359,dino_vits14,10,16,dit_x0,3619,1,da9
0.762279,0.72971,dino_vits14,11,16,dit_x0,3619,1,da9
0.753949,0.726891,dino_vits14,12,16,dit_x0,3619,1,da9
0.746499,0.721105,dino_vits14,13,16,dit_x0,3619,1,da9
0.739417,0.718893,dino_vits14,14,16,dit_x0,3619,1,da9
0.732966,0.714282,dino_vits14,15,16,dit_x0,3619,1,da9
0.72726,0.711998,dino_vits14,16,16,dit_x0,3619,1,da9
,0.932422,dino_vits14,1,16,copy,3619,1,da9
,0.89968,dino_vits14,2,16,copy,3619,1,da9
,0.873568,dino_vits14,3,16,copy,3619,1,da9
,0.852639,dino_vits14,4,16,copy,3619,1,da9
,0.834636,dino_vits14,5,16,copy,3619,1,da9
,0.818855,dino_vits14,6,16,copy,3619,1,da9
,0.803982,dino_vits14,7,16,copy,3619,1,da9
,0.7917,dino_vits14,8,16,copy,3619,1,da9
,0.780901,dino_vits14,9,16,copy,3619,1,da9
,0.771051,dino_vits14,10,16,copy,3619,1,da9
,0.762279,dino_vits14,11,16,copy,3619,1,da9
,0.753949,dino_vits14,12,16,copy,3619,1,da9
,0.746499,dino_vits14,13,16,copy,3619,1,da9
,0.739417,dino_vits14,14,16,copy,3619,1,da9
,0.732966,dino_vits14,15,16,copy,3619,1,da9
,0.72726,dino_vits14,16,16,copy,3619,1,da9
0.932422,0.814026,dino_vits14,1,16,mlp_fair,3619,1,da9
0.89968,0.80681,dino_vits14,2,16,mlp_fair,3619,1,da9
0.873568,0.798867,dino_vits14,3,16,mlp_fair,3619,1,da9
0.852639,0.791189,dino_vits14,4,16,mlp_fair,3619,1,da9
0.834636,0.783697,dino_vits14,5,16,mlp_fair,3619,1,da9
0.818855,0.776268,dino_vits14,6,16,mlp_fair,3619,1,da9
0.803982,0.76975,dino_vits14,7,16,mlp_fair,3619,1,da9
0.7917,0.764016,dino_vits14,8,16,mlp_fair,3619,1,da9
0.780901,0.759043,dino_vits14,9,16,mlp_fair,3619,1,da9
0.771051,0.754386,dino_vits14,10,16,mlp_fair,3619,1,da9
0.762279,0.750356,dino_vits14,11,16,mlp_fair,3619,1,da9
0.753949,0.747542,dino_vits14,12,16,mlp_fair,3619,1,da9
0.746499,0.743132,dino_vits14,13,16,mlp_fair,3619,1,da9
0.739417,0.739559,dino_vits14,14,16,mlp_fair,3619,1,da9
0.732966,0.73648,dino_vits14,15,16,mlp_fair,3619,1,da9
0.72726,0.734478,dino_vits14,16,16,mlp_fair,3619,1,da9
0.932422,0.926733,dino_vits14,1,16,mlp_residual,3619,1,da9
0.89968,0.886812,dino_vits14,2,16,mlp_residual,3619,1,da9
0.873568,0.853703,dino_vits14,3,16,mlp_residual,3619,1,da9
0.852639,0.829297,dino_vits14,4,16,mlp_residual,3619,1,da9
0.834636,0.809846,dino_vits14,5,16,mlp_residual,3619,1,da9
0.818855,0.794593,dino_vits14,6,16,mlp_residual,3619,1,da9
0.803982,0.781408,dino_vits14,7,16,mlp_residual,3619,1,da9
0.7917,0.772676,dino_vits14,8,16,mlp_residual,3619,1,da9
0.780901,0.764018,dino_vits14,9,16,mlp_residual,3619,1,da9
0.771051,0.756106,dino_vits14,10,16,mlp_residual,3619,1,da9
0.762279,0.749859,dino_vits14,11,16,mlp_residual,3619,1,da9
0.753949,0.742698,dino_vits14,12,16,mlp_residual,3619,1,da9
0.746499,0.735962,dino_vits14,13,16,mlp_residual,3619,1,da9
0.739417,0.730673,dino_vits14,14,16,mlp_residual,3619,1,da9
0.732966,0.725855,dino_vits14,15,16,mlp_residual,3619,1,da9
0.72726,0.722929,dino_vits14,16,16,mlp_residual,3619,1,da9
0.932422,0.76046,dino_vits14,1,16,dit_x0,3619,2,da9
0.89968,0.75926,dino_vits14,2,16,dit_x0,3619,2,da9
0.873568,0.754349,dino_vits14,3,16,dit_x0,3619,2,da9
0.852639,0.753615,dino_vits14,4,16,dit_x0,3619,2,da9
0.834636,0.750137,dino_vits14,5,16,dit_x0,3619,2,da9
0.818855,0.747238,dino_vits14,6,16,dit_x0,3619,2,da9
0.803982,0.743112,dino_vits14,7,16,dit_x0,3619,2,da9
0.7917,0.741588,dino_vits14,8,16,dit_x0,3619,2,da9
0.780901,0.737933,dino_vits14,9,16,dit_x0,3619,2,da9
0.771051,0.732287,dino_vits14,10,16,dit_x0,3619,2,da9
0.762279,0.728596,dino_vits14,11,16,dit_x0,3619,2,da9
0.753949,0.724465,dino_vits14,12,16,dit_x0,3619,2,da9
0.746499,0.720917,dino_vits14,13,16,dit_x0,3619,2,da9
0.739417,0.718186,dino_vits14,14,16,dit_x0,3619,2,da9
0.732966,0.713314,dino_vits14,15,16,dit_x0,3619,2,da9
0.72726,0.710143,dino_vits14,16,16,dit_x0,3619,2,da9
,0.932422,dino_vits14,1,16,copy,3619,2,da9
,0.89968,dino_vits14,2,16,copy,3619,2,da9
,0.873568,dino_vits14,3,16,copy,3619,2,da9
,0.852639,dino_vits14,4,16,copy,3619,2,da9
,0.834636,dino_vits14,5,16,copy,3619,2,da9
,0.818855,dino_vits14,6,16,copy,3619,2,da9
,0.803982,dino_vits14,7,16,copy,3619,2,da9
,0.7917,dino_vits14,8,16,copy,3619,2,da9
,0.780901,dino_vits14,9,16,copy,3619,2,da9
,0.771051,dino_vits14,10,16,copy,3619,2,da9
,0.762279,dino_vits14,11,16,copy,3619,2,da9
,0.753949,dino_vits14,12,16,copy,3619,2,da9
,0.746499,dino_vits14,13,16,copy,3619,2,da9
,0.739417,dino_vits14,14,16,copy,3619,2,da9
,0.732966,dino_vits14,15,16,copy,3619,2,da9
,0.72726,dino_vits14,16,16,copy,3619,2,da9
0.932422,0.81428,dino_vits14,1,16,mlp_fair,3619,2,da9
0.89968,0.806574,dino_vits14,2,16,mlp_fair,3619,2,da9
0.873568,0.799182,dino_vits14,3,16,mlp_fair,3619,2,da9
0.852639,0.791629,dino_vits14,4,16,mlp_fair,3619,2,da9
0.834636,0.784087,dino_vits14,5,16,mlp_fair,3619,2,da9
0.818855,0.776638,dino_vits14,6,16,mlp_fair,3619,2,da9
0.803982,0.770195,dino_vits14,7,16,mlp_fair,3619,2,da9
0.7917,0.764543,dino_vits14,8,16,mlp_fair,3619,2,da9
0.780901,0.759208,dino_vits14,9,16,mlp_fair,3619,2,da9
0.771051,0.75467,dino_vits14,10,16,mlp_fair,3619,2,da9
0.762279,0.751106,dino_vits14,11,16,mlp_fair,3619,2,da9
0.753949,0.747158,dino_vits14,12,16,mlp_fair,3619,2,da9
0.746499,0.743183,dino_vits14,13,16,mlp_fair,3619,2,da9
0.739417,0.739202,dino_vits14,14,16,mlp_fair,3619,2,da9
0.732966,0.736041,dino_vits14,15,16,mlp_fair,3619,2,da9
0.72726,0.733427,dino_vits14,16,16,mlp_fair,3619,2,da9
0.932422,0.926611,dino_vits14,1,16,mlp_residual,3619,2,da9
0.89968,0.886443,dino_vits14,2,16,mlp_residual,3619,2,da9
0.873568,0.853401,dino_vits14,3,16,mlp_residual,3619,2,da9
0.852639,0.82895,dino_vits14,4,16,mlp_residual,3619,2,da9
0.834636,0.809689,dino_vits14,5,16,mlp_residual,3619,2,da9
0.818855,0.79499,dino_vits14,6,16,mlp_residual,3619,2,da9
0.803982,0.781492,dino_vits14,7,16,mlp_residual,3619,2,da9
0.7917,0.7721,dino_vits14,8,16,mlp_residual,3619,2,da9
0.780901,0.763182,dino_vits14,9,16,mlp_residual,3619,2,da9
0.771051,0.755376,dino_vits14,10,16,mlp_residual,3619,2,da9
0.762279,0.748893,dino_vits14,11,16,mlp_residual,3619,2,da9
0.753949,0.742012,dino_vits14,12,16,mlp_residual,3619,2,da9
0.746499,0.736479,dino_vits14,13,16,mlp_residual,3619,2,da9
0.739417,0.731484,dino_vits14,14,16,mlp_residual,3619,2,da9
0.732966,0.726377,dino_vits14,15,16,mlp_residual,3619,2,da9
0.72726,0.723128,dino_vits14,16,16,mlp_residual,3619,2,da9
0.922547,0.818233,vit_s16,1,8,dit_x0,4819,0,da9
0.892225,0.813403,vit_s16,2,8,dit_x0,4819,0,da9
0.871044,0.810182,vit_s16,3,8,dit_x0,4819,0,da9
0.855287,0.806878,vit_s16,4,8,dit_x0,4819,0,da9
0.842683,0.802417,vit_s16,5,8,dit_x0,4819,0,da9
0.832069,0.799313,vit_s16,6,8,dit_x0,4819,0,da9
0.822975,0.795349,vit_s16,7,8,dit_x0,4819,0,da9
0.814762,0.79219,vit_s16,8,8,dit_x0,4819,0,da9
,0.922547,vit_s16,1,8,copy,4819,0,da9
,0.892225,vit_s16,2,8,copy,4819,0,da9
,0.871044,vit_s16,3,8,copy,4819,0,da9
,0.855287,vit_s16,4,8,copy,4819,0,da9
,0.842683,vit_s16,5,8,copy,4819,0,da9
,0.832069,vit_s16,6,8,copy,4819,0,da9
,0.822975,vit_s16,7,8,copy,4819,0,da9
,0.814762,vit_s16,8,8,copy,4819,0,da9
0.922547,0.858606,vit_s16,1,8,mlp_fair,4819,0,da9
0.892225,0.851752,vit_s16,2,8,mlp_fair,4819,0,da9
0.871044,0.844775,vit_s16,3,8,mlp_fair,4819,0,da9
0.855287,0.838404,vit_s16,4,8,mlp_fair,4819,0,da9
0.842683,0.833274,vit_s16,5,8,mlp_fair,4819,0,da9
0.832069,0.82917,vit_s16,6,8,mlp_fair,4819,0,da9
0.822975,0.825585,vit_s16,7,8,mlp_fair,4819,0,da9
0.814762,0.823079,vit_s16,8,8,mlp_fair,4819,0,da9
0.922547,0.917611,vit_s16,1,8,mlp_residual,4819,0,da9
0.892225,0.883783,vit_s16,2,8,mlp_residual,4819,0,da9
0.871044,0.860695,vit_s16,3,8,mlp_residual,4819,0,da9
0.855287,0.846098,vit_s16,4,8,mlp_residual,4819,0,da9
0.842683,0.835522,vit_s16,5,8,mlp_residual,4819,0,da9
0.832069,0.826278,vit_s16,6,8,mlp_residual,4819,0,da9
0.822975,0.818847,vit_s16,7,8,mlp_residual,4819,0,da9
0.814762,0.814255,vit_s16,8,8,mlp_residual,4819,0,da9
0.922547,0.816204,vit_s16,1,8,dit_x0,4819,1,da9
0.892225,0.813281,vit_s16,2,8,dit_x0,4819,1,da9
0.871044,0.809004,vit_s16,3,8,dit_x0,4819,1,da9
0.855287,0.805856,vit_s16,4,8,dit_x0,4819,1,da9
0.842683,0.802027,vit_s16,5,8,dit_x0,4819,1,da9
0.832069,0.798898,vit_s16,6,8,dit_x0,4819,1,da9
0.822975,0.795219,vit_s16,7,8,dit_x0,4819,1,da9
0.814762,0.791291,vit_s16,8,8,dit_x0,4819,1,da9
,0.922547,vit_s16,1,8,copy,4819,1,da9
,0.892225,vit_s16,2,8,copy,4819,1,da9
,0.871044,vit_s16,3,8,copy,4819,1,da9
,0.855287,vit_s16,4,8,copy,4819,1,da9
,0.842683,vit_s16,5,8,copy,4819,1,da9
,0.832069,vit_s16,6,8,copy,4819,1,da9
,0.822975,vit_s16,7,8,copy,4819,1,da9
,0.814762,vit_s16,8,8,copy,4819,1,da9
0.922547,0.859428,vit_s16,1,8,mlp_fair,4819,1,da9
0.892225,0.85244,vit_s16,2,8,mlp_fair,4819,1,da9
0.871044,0.846002,vit_s16,3,8,mlp_fair,4819,1,da9
0.855287,0.839872,vit_s16,4,8,mlp_fair,4819,1,da9
0.842683,0.834442,vit_s16,5,8,mlp_fair,4819,1,da9
0.832069,0.830242,vit_s16,6,8,mlp_fair,4819,1,da9
0.822975,0.826428,vit_s16,7,8,mlp_fair,4819,1,da9
0.814762,0.824015,vit_s16,8,8,mlp_fair,4819,1,da9
0.922547,0.916922,vit_s16,1,8,mlp_residual,4819,1,da9
0.892225,0.882441,vit_s16,2,8,mlp_residual,4819,1,da9
0.871044,0.859527,vit_s16,3,8,mlp_residual,4819,1,da9
0.855287,0.843031,vit_s16,4,8,mlp_residual,4819,1,da9
0.842683,0.83163,vit_s16,5,8,mlp_residual,4819,1,da9
0.832069,0.821859,vit_s16,6,8,mlp_residual,4819,1,da9
0.822975,0.814495,vit_s16,7,8,mlp_residual,4819,1,da9
0.814762,0.809856,vit_s16,8,8,mlp_residual,4819,1,da9
0.922547,0.80414,vit_s16,1,8,dit_x0,4819,2,da9
0.892225,0.799739,vit_s16,2,8,dit_x0,4819,2,da9
0.871044,0.794845,vit_s16,3,8,dit_x0,4819,2,da9
0.855287,0.792935,vit_s16,4,8,dit_x0,4819,2,da9
0.842683,0.788946,vit_s16,5,8,dit_x0,4819,2,da9
0.832069,0.784196,vit_s16,6,8,dit_x0,4819,2,da9
0.822975,0.781148,vit_s16,7,8,dit_x0,4819,2,da9
0.814762,0.776999,vit_s16,8,8,dit_x0,4819,2,da9
,0.922547,vit_s16,1,8,copy,4819,2,da9
,0.892225,vit_s16,2,8,copy,4819,2,da9
,0.871044,vit_s16,3,8,copy,4819,2,da9
,0.855287,vit_s16,4,8,copy,4819,2,da9
,0.842683,vit_s16,5,8,copy,4819,2,da9
,0.832069,vit_s16,6,8,copy,4819,2,da9
,0.822975,vit_s16,7,8,copy,4819,2,da9
,0.814762,vit_s16,8,8,copy,4819,2,da9
0.922547,0.859552,vit_s16,1,8,mlp_fair,4819,2,da9
0.892225,0.852481,vit_s16,2,8,mlp_fair,4819,2,da9
0.871044,0.845962,vit_s16,3,8,mlp_fair,4819,2,da9
0.855287,0.839617,vit_s16,4,8,mlp_fair,4819,2,da9
0.842683,0.834363,vit_s16,5,8,mlp_fair,4819,2,da9
0.832069,0.829994,vit_s16,6,8,mlp_fair,4819,2,da9
0.822975,0.826367,vit_s16,7,8,mlp_fair,4819,2,da9
0.814762,0.823628,vit_s16,8,8,mlp_fair,4819,2,da9
0.922547,0.917376,vit_s16,1,8,mlp_residual,4819,2,da9
0.892225,0.882968,vit_s16,2,8,mlp_residual,4819,2,da9
0.871044,0.858835,vit_s16,3,8,mlp_residual,4819,2,da9
0.855287,0.842688,vit_s16,4,8,mlp_residual,4819,2,da9
0.842683,0.831316,vit_s16,5,8,mlp_residual,4819,2,da9
0.832069,0.822388,vit_s16,6,8,mlp_residual,4819,2,da9
0.822975,0.814067,vit_s16,7,8,mlp_residual,4819,2,da9
0.814762,0.809573,vit_s16,8,8,mlp_residual,4819,2,da9
0.922684,0.795565,vit_s16,1,16,dit_x0,3619,0,da9
0.892281,0.791457,vit_s16,2,16,dit_x0,3619,0,da9
0.870598,0.789476,vit_s16,3,16,dit_x0,3619,0,da9
0.85491,0.788363,vit_s16,4,16,dit_x0,3619,0,da9
0.842103,0.786803,vit_s16,5,16,dit_x0,3619,0,da9
0.831306,0.783314,vit_s16,6,16,dit_x0,3619,0,da9
0.822286,0.782155,vit_s16,7,16,dit_x0,3619,0,da9
0.814083,0.780519,vit_s16,8,16,dit_x0,3619,0,da9
0.807286,0.777607,vit_s16,9,16,dit_x0,3619,0,da9
0.801078,0.778329,vit_s16,10,16,dit_x0,3619,0,da9
0.795418,0.774369,vit_s16,11,16,dit_x0,3619,0,da9
0.790112,0.77309,vit_s16,12,16,dit_x0,3619,0,da9
0.785318,0.772117,vit_s16,13,16,dit_x0,3619,0,da9
0.781305,0.767607,vit_s16,14,16,dit_x0,3619,0,da9
0.777207,0.766528,vit_s16,15,16,dit_x0,3619,0,da9
0.773482,0.765739,vit_s16,16,16,dit_x0,3619,0,da9
,0.922684,vit_s16,1,16,copy,3619,0,da9
,0.892281,vit_s16,2,16,copy,3619,0,da9
,0.870598,vit_s16,3,16,copy,3619,0,da9
,0.85491,vit_s16,4,16,copy,3619,0,da9
,0.842103,vit_s16,5,16,copy,3619,0,da9
,0.831306,vit_s16,6,16,copy,3619,0,da9
,0.822286,vit_s16,7,16,copy,3619,0,da9
,0.814083,vit_s16,8,16,copy,3619,0,da9
,0.807286,vit_s16,9,16,copy,3619,0,da9
,0.801078,vit_s16,10,16,copy,3619,0,da9
,0.795418,vit_s16,11,16,copy,3619,0,da9
,0.790112,vit_s16,12,16,copy,3619,0,da9
,0.785318,vit_s16,13,16,copy,3619,0,da9
,0.781305,vit_s16,14,16,copy,3619,0,da9
,0.777207,vit_s16,15,16,copy,3619,0,da9
,0.773482,vit_s16,16,16,copy,3619,0,da9
0.922684,0.851234,vit_s16,1,16,mlp_fair,3619,0,da9
0.892281,0.845311,vit_s16,2,16,mlp_fair,3619,0,da9
0.870598,0.839524,vit_s16,3,16,mlp_fair,3619,0,da9
0.85491,0.834229,vit_s16,4,16,mlp_fair,3619,0,da9
0.842103,0.829496,vit_s16,5,16,mlp_fair,3619,0,da9
0.831306,0.826108,vit_s16,6,16,mlp_fair,3619,0,da9
0.822286,0.82316,vit_s16,7,16,mlp_fair,3619,0,da9
0.814083,0.820907,vit_s16,8,16,mlp_fair,3619,0,da9
0.807286,0.819484,vit_s16,9,16,mlp_fair,3619,0,da9
0.801078,0.81786,vit_s16,10,16,mlp_fair,3619,0,da9
0.795418,0.815914,vit_s16,11,16,mlp_fair,3619,0,da9
0.790112,0.814217,vit_s16,12,16,mlp_fair,3619,0,da9
0.785318,0.812107,vit_s16,13,16,mlp_fair,3619,0,da9
0.781305,0.810612,vit_s16,14,16,mlp_fair,3619,0,da9
0.777207,0.808813,vit_s16,15,16,mlp_fair,3619,0,da9
0.773482,0.807838,vit_s16,16,16,mlp_fair,3619,0,da9
0.922684,0.918166,vit_s16,1,16,mlp_residual,3619,0,da9
0.892281,0.88429,vit_s16,2,16,mlp_residual,3619,0,da9
0.870598,0.85962,vit_s16,3,16,mlp_residual,3619,0,da9
0.85491,0.842962,vit_s16,4,16,mlp_residual,3619,0,da9
0.842103,0.829946,vit_s16,5,16,mlp_residual,3619,0,da9
0.831306,0.820689,vit_s16,6,16,mlp_residual,3619,0,da9
0.822286,0.813436,vit_s16,7,16,mlp_residual,3619,0,da9
0.814083,0.807321,vit_s16,8,16,mlp_residual,3619,0,da9
0.807286,0.803452,vit_s16,9,16,mlp_residual,3619,0,da9
0.801078,0.798995,vit_s16,10,16,mlp_residual,3619,0,da9
0.795418,0.795028,vit_s16,11,16,mlp_residual,3619,0,da9
0.790112,0.790048,vit_s16,12,16,mlp_residual,3619,0,da9
0.785318,0.785717,vit_s16,13,16,mlp_residual,3619,0,da9
0.781305,0.78123,vit_s16,14,16,mlp_residual,3619,0,da9
0.777207,0.778792,vit_s16,15,16,mlp_residual,3619,0,da9
0.773482,0.777102,vit_s16,16,16,mlp_residual,3619,0,da9
0.922684,0.791221,vit_s16,1,16,dit_x0,3619,1,da9
0.892281,0.788504,vit_s16,2,16,dit_x0,3619,1,da9
0.870598,0.786792,vit_s16,3,16,dit_x0,3619,1,da9
0.85491,0.784334,vit_s16,4,16,dit_x0,3619,1,da9
0.842103,0.784675,vit_s16,5,16,dit_x0,3619,1,da9
0.831306,0.781455,vit_s16,6,16,dit_x0,3619,1,da9
0.822286,0.779478,vit_s16,7,16,dit_x0,3619,1,da9
0.814083,0.777222,vit_s16,8,16,dit_x0,3619,1,da9
0.807286,0.777348,vit_s16,9,16,dit_x0,3619,1,da9
0.801078,0.775295,vit_s16,10,16,dit_x0,3619,1,da9
0.795418,0.771675,vit_s16,11,16,dit_x0,3619,1,da9
0.790112,0.7706,vit_s16,12,16,dit_x0,3619,1,da9
0.785318,0.768791,vit_s16,13,16,dit_x0,3619,1,da9
0.781305,0.767636,vit_s16,14,16,dit_x0,3619,1,da9
0.777207,0.764556,vit_s16,15,16,dit_x0,3619,1,da9
0.773482,0.762426,vit_s16,16,16,dit_x0,3619,1,da9
,0.922684,vit_s16,1,16,copy,3619,1,da9
,0.892281,vit_s16,2,16,copy,3619,1,da9
,0.870598,vit_s16,3,16,copy,3619,1,da9
,0.85491,vit_s16,4,16,copy,3619,1,da9
,0.842103,vit_s16,5,16,copy,3619,1,da9
,0.831306,vit_s16,6,16,copy,3619,1,da9
,0.822286,vit_s16,7,16,copy,3619,1,da9
,0.814083,vit_s16,8,16,copy,3619,1,da9
,0.807286,vit_s16,9,16,copy,3619,1,da9
,0.801078,vit_s16,10,16,copy,3619,1,da9
,0.795418,vit_s16,11,16,copy,3619,1,da9
,0.790112,vit_s16,12,16,copy,3619,1,da9
,0.785318,vit_s16,13,16,copy,3619,1,da9
,0.781305,vit_s16,14,16,copy,3619,1,da9
,0.777207,vit_s16,15,16,copy,3619,1,da9
,0.773482,vit_s16,16,16,copy,3619,1,da9
0.922684,0.851627,vit_s16,1,16,mlp_fair,3619,1,da9
0.892281,0.845398,vit_s16,2,16,mlp_fair,3619,1,da9
0.870598,0.839488,vit_s16,3,16,mlp_fair,3619,1,da9
0.85491,0.834227,vit_s16,4,16,mlp_fair,3619,1,da9
0.842103,0.829846,vit_s16,5,16,mlp_fair,3619,1,da9
0.831306,0.826465,vit_s16,6,16,mlp_fair,3619,1,da9
0.822286,0.82389,vit_s16,7,16,mlp_fair,3619,1,da9
0.814083,0.82203,vit_s16,8,16,mlp_fair,3619,1,da9
0.807286,0.820227,vit_s16,9,16,mlp_fair,3619,1,da9
0.801078,0.818976,vit_s16,10,16,mlp_fair,3619,1,da9
0.795418,0.81762,vit_s16,11,16,mlp_fair,3619,1,da9
0.790112,0.81623,vit_s16,12,16,mlp_fair,3619,1,da9
0.785318,0.813889,vit_s16,13,16,mlp_fair,3619,1,da9
0.781305,0.811805,vit_s16,14,16,mlp_fair,3619,1,da9
0.777207,0.810069,vit_s16,15,16,mlp_fair,3619,1,da9
0.773482,0.808852,vit_s16,16,16,mlp_fair,3619,1,da9
0.922684,0.919512,vit_s16,1,16,mlp_residual,3619,1,da9
0.892281,0.885276,vit_s16,2,16,mlp_residual,3619,1,da9
0.870598,0.86077,vit_s16,3,16,mlp_residual,3619,1,da9
0.85491,0.8444,vit_s16,4,16,mlp_residual,3619,1,da9
0.842103,0.832324,vit_s16,5,16,mlp_residual,3619,1,da9
0.831306,0.822857,vit_s16,6,16,mlp_residual,3619,1,da9
0.822286,0.815227,vit_s16,7,16,mlp_residual,3619,1,da9
0.814083,0.810163,vit_s16,8,16,mlp_residual,3619,1,da9
0.807286,0.805411,vit_s16,9,16,mlp_residual,3619,1,da9
0.801078,0.801413,vit_s16,10,16,mlp_residual,3619,1,da9
0.795418,0.797565,vit_s16,11,16,mlp_residual,3619,1,da9
0.790112,0.795464,vit_s16,12,16,mlp_residual,3619,1,da9
0.785318,0.790845,vit_s16,13,16,mlp_residual,3619,1,da9
0.781305,0.786967,vit_s16,14,16,mlp_residual,3619,1,da9
0.777207,0.785479,vit_s16,15,16,mlp_residual,3619,1,da9
0.773482,0.783436,vit_s16,16,16,mlp_residual,3619,1,da9
0.922684,0.785966,vit_s16,1,16,dit_x0,3619,2,da9
0.892281,0.784667,vit_s16,2,16,dit_x0,3619,2,da9
0.870598,0.782101,vit_s16,3,16,dit_x0,3619,2,da9
0.85491,0.781959,vit_s16,4,16,dit_x0,3619,2,da9
0.842103,0.77991,vit_s16,5,16,dit_x0,3619,2,da9
0.831306,0.777547,vit_s16,6,16,dit_x0,3619,2,da9
0.822286,0.775499,vit_s16,7,16,dit_x0,3619,2,da9
0.814083,0.773715,vit_s16,8,16,dit_x0,3619,2,da9
0.807286,0.77241,vit_s16,9,16,dit_x0,3619,2,da9
0.801078,0.769973,vit_s16,10,16,dit_x0,3619,2,da9
0.795418,0.769666,vit_s16,11,16,dit_x0,3619,2,da9
0.790112,0.767889,vit_s16,12,16,dit_x0,3619,2,da9
0.785318,0.763702,vit_s16,13,16,dit_x0,3619,2,da9
0.781305,0.763639,vit_s16,14,16,dit_x0,3619,2,da9
0.777207,0.760655,vit_s16,15,16,dit_x0,3619,2,da9
0.773482,0.759704,vit_s16,16,16,dit_x0,3619,2,da9
,0.922684,vit_s16,1,16,copy,3619,2,da9
,0.892281,vit_s16,2,16,copy,3619,2,da9
,0.870598,vit_s16,3,16,copy,3619,2,da9
,0.85491,vit_s16,4,16,copy,3619,2,da9
,0.842103,vit_s16,5,16,copy,3619,2,da9
,0.831306,vit_s16,6,16,copy,3619,2,da9
,0.822286,vit_s16,7,16,copy,3619,2,da9
,0.814083,vit_s16,8,16,copy,3619,2,da9
,0.807286,vit_s16,9,16,copy,3619,2,da9
,0.801078,vit_s16,10,16,copy,3619,2,da9
,0.795418,vit_s16,11,16,copy,3619,2,da9
,0.790112,vit_s16,12,16,copy,3619,2,da9
,0.785318,vit_s16,13,16,copy,3619,2,da9
,0.781305,vit_s16,14,16,copy,3619,2,da9
,0.777207,vit_s16,15,16,copy,3619,2,da9
,0.773482,vit_s16,16,16,copy,3619,2,da9
0.922684,0.875231,vit_s16,1,16,mlp_fair,3619,2,da9
0.892281,0.864854,vit_s16,2,16,mlp_fair,3619,2,da9
0.870598,0.855532,vit_s16,3,16,mlp_fair,3619,2,da9
0.85491,0.848139,vit_s16,4,16,mlp_fair,3619,2,da9
0.842103,0.841052,vit_s16,5,16,mlp_fair,3619,2,da9
0.831306,0.836058,vit_s16,6,16,mlp_fair,3619,2,da9
0.822286,0.832296,vit_s16,7,16,mlp_fair,3619,2,da9
0.814083,0.829206,vit_s16,8,16,mlp_fair,3619,2,da9
0.807286,0.82603,vit_s16,9,16,mlp_fair,3619,2,da9
0.801078,0.82366,vit_s16,10,16,mlp_fair,3619,2,da9
0.795418,0.820436,vit_s16,11,16,mlp_fair,3619,2,da9
0.790112,0.817779,vit_s16,12,16,mlp_fair,3619,2,da9
0.785318,0.814261,vit_s16,13,16,mlp_fair,3619,2,da9
0.781305,0.812078,vit_s16,14,16,mlp_fair,3619,2,da9
0.777207,0.810096,vit_s16,15,16,mlp_fair,3619,2,da9
0.773482,0.809488,vit_s16,16,16,mlp_fair,3619,2,da9
0.922684,0.921882,vit_s16,1,16,mlp_residual,3619,2,da9
0.892281,0.889856,vit_s16,2,16,mlp_residual,3619,2,da9
0.870598,0.867567,vit_s16,3,16,mlp_residual,3619,2,da9
0.85491,0.852269,vit_s16,4,16,mlp_residual,3619,2,da9
0.842103,0.8403,vit_s16,5,16,mlp_residual,3619,2,da9
0.831306,0.831451,vit_s16,6,16,mlp_residual,3619,2,da9
0.822286,0.824203,vit_s16,7,16,mlp_residual,3619,2,da9
0.814083,0.819009,vit_s16,8,16,mlp_residual,3619,2,da9
0.807286,0.814437,vit_s16,9,16,mlp_residual,3619,2,da9
0.801078,0.81065,vit_s16,10,16,mlp_residual,3619,2,da9
0.795418,0.806086,vit_s16,11,16,mlp_residual,3619,2,da9
0.790112,0.802039,vit_s16,12,16,mlp_residual,3619,2,da9
0.785318,0.79805,vit_s16,13,16,mlp_residual,3619,2,da9
0.781305,0.794588,vit_s16,14,16,mlp_residual,3619,2,da9
0.777207,0.79156,vit_s16,15,16,mlp_residual,3619,2,da9
0.773482,0.791005,vit_s16,16,16,mlp_residual,3619,2,da9
0.986962,0.964958,vjepa2_rep1,1,8,dit_x0,4819,0,da9
0.978443,0.964445,vjepa2_rep1,2,8,dit_x0,4819,0,da9
0.971654,0.962337,vjepa2_rep1,3,8,dit_x0,4819,0,da9
0.966079,0.960337,vjepa2_rep1,4,8,dit_x0,4819,0,da9
0.961469,0.958891,vjepa2_rep1,5,8,dit_x0,4819,0,da9
0.957653,0.956252,vjepa2_rep1,6,8,dit_x0,4819,0,da9
0.954474,0.955465,vjepa2_rep1,7,8,dit_x0,4819,0,da9
0.951882,0.952886,vjepa2_rep1,8,8,dit_x0,4819,0,da9
,0.986962,vjepa2_rep1,1,8,copy,4819,0,da9
,0.978443,vjepa2_rep1,2,8,copy,4819,0,da9
,0.971654,vjepa2_rep1,3,8,copy,4819,0,da9
,0.966079,vjepa2_rep1,4,8,copy,4819,0,da9
,0.961469,vjepa2_rep1,5,8,copy,4819,0,da9
,0.957653,vjepa2_rep1,6,8,copy,4819,0,da9
,0.954474,vjepa2_rep1,7,8,copy,4819,0,da9
,0.951882,vjepa2_rep1,8,8,copy,4819,0,da9
0.98851,0.980943,vjepa2_rep1,1,8,mlp_fair,4819,0,da9
0.980975,0.977681,vjepa2_rep1,2,8,mlp_fair,4819,0,da9
0.974942,0.974749,vjepa2_rep1,3,8,mlp_fair,4819,0,da9
0.969931,0.97205,vjepa2_rep1,4,8,mlp_fair,4819,0,da9
0.965821,0.969766,vjepa2_rep1,5,8,mlp_fair,4819,0,da9
0.962403,0.967949,vjepa2_rep1,6,8,mlp_fair,4819,0,da9
0.959576,0.966412,vjepa2_rep1,7,8,mlp_fair,4819,0,da9
0.957263,0.965236,vjepa2_rep1,8,8,mlp_fair,4819,0,da9
0.98851,0.989123,vjepa2_rep1,1,8,mlp_residual,4819,0,da9
0.980975,0.983019,vjepa2_rep1,2,8,mlp_residual,4819,0,da9
0.974942,0.978851,vjepa2_rep1,3,8,mlp_residual,4819,0,da9
0.969931,0.97545,vjepa2_rep1,4,8,mlp_residual,4819,0,da9
0.965821,0.972626,vjepa2_rep1,5,8,mlp_residual,4819,0,da9
0.962403,0.970227,vjepa2_rep1,6,8,mlp_residual,4819,0,da9
0.959576,0.968131,vjepa2_rep1,7,8,mlp_residual,4819,0,da9
0.957263,0.966232,vjepa2_rep1,8,8,mlp_residual,4819,0,da9
0.988066,0.968367,vjepa2_rep1,1,8,dit_x0,4819,1,da9
0.980216,0.967701,vjepa2_rep1,2,8,dit_x0,4819,1,da9
0.973879,0.966078,vjepa2_rep1,3,8,dit_x0,4819,1,da9
0.968592,0.965091,vjepa2_rep1,4,8,dit_x0,4819,1,da9
0.964262,0.964159,vjepa2_rep1,5,8,dit_x0,4819,1,da9
0.960674,0.962373,vjepa2_rep1,6,8,dit_x0,4819,1,da9
0.957702,0.961014,vjepa2_rep1,7,8,dit_x0,4819,1,da9
0.955287,0.959657,vjepa2_rep1,8,8,dit_x0,4819,1,da9
,0.988066,vjepa2_rep1,1,8,copy,4819,1,da9
,0.980216,vjepa2_rep1,2,8,copy,4819,1,da9
,0.973879,vjepa2_rep1,3,8,copy,4819,1,da9
,0.968592,vjepa2_rep1,4,8,copy,4819,1,da9
,0.964262,vjepa2_rep1,5,8,copy,4819,1,da9
,0.960674,vjepa2_rep1,6,8,copy,4819,1,da9
,0.957702,vjepa2_rep1,7,8,copy,4819,1,da9
,0.955287,vjepa2_rep1,8,8,copy,4819,1,da9
0.987894,0.980311,vjepa2_rep1,1,8,mlp_fair,4819,1,da9
0.979907,0.976642,vjepa2_rep1,2,8,mlp_fair,4819,1,da9
0.973541,0.97311,vjepa2_rep1,3,8,mlp_fair,4819,1,da9
0.96827,0.970288,vjepa2_rep1,4,8,mlp_fair,4819,1,da9
0.963946,0.968176,vjepa2_rep1,5,8,mlp_fair,4819,1,da9
0.960342,0.966428,vjepa2_rep1,6,8,mlp_fair,4819,1,da9
0.957363,0.964945,vjepa2_rep1,7,8,mlp_fair,4819,1,da9
0.95495,0.963738,vjepa2_rep1,8,8,mlp_fair,4819,1,da9
0.987894,0.988583,vjepa2_rep1,1,8,mlp_residual,4819,1,da9
0.979907,0.982376,vjepa2_rep1,2,8,mlp_residual,4819,1,da9
0.973541,0.977986,vjepa2_rep1,3,8,mlp_residual,4819,1,da9
0.96827,0.97442,vjepa2_rep1,4,8,mlp_residual,4819,1,da9
0.963946,0.971459,vjepa2_rep1,5,8,mlp_residual,4819,1,da9
0.960342,0.968936,vjepa2_rep1,6,8,mlp_residual,4819,1,da9
0.957363,0.966727,vjepa2_rep1,7,8,mlp_residual,4819,1,da9
0.95495,0.964779,vjepa2_rep1,8,8,mlp_residual,4819,1,da9
0.986848,0.963817,vjepa2_rep1,1,8,dit_x0,4819,2,da9
0.978191,0.962277,vjepa2_rep1,2,8,dit_x0,4819,2,da9
0.971172,0.961838,vjepa2_rep1,3,8,dit_x0,4819,2,da9
0.965294,0.960908,vjepa2_rep1,4,8,dit_x0,4819,2,da9
0.960476,0.958224,vjepa2_rep1,5,8,dit_x0,4819,2,da9
0.956438,0.957151,vjepa2_rep1,6,8,dit_x0,4819,2,da9
0.953102,0.955229,vjepa2_rep1,7,8,dit_x0,4819,2,da9
0.950373,0.953991,vjepa2_rep1,8,8,dit_x0,4819,2,da9
,0.986848,vjepa2_rep1,1,8,copy,4819,2,da9
,0.978191,vjepa2_rep1,2,8,copy,4819,2,da9
,0.971172,vjepa2_rep1,3,8,copy,4819,2,da9
,0.965294,vjepa2_rep1,4,8,copy,4819,2,da9
,0.960476,vjepa2_rep1,5,8,copy,4819,2,da9
,0.956438,vjepa2_rep1,6,8,copy,4819,2,da9
,0.953102,vjepa2_rep1,7,8,copy,4819,2,da9
,0.950373,vjepa2_rep1,8,8,copy,4819,2,da9
0.9877,0.979867,vjepa2_rep1,1,8,mlp_fair,4819,2,da9
0.979667,0.97651,vjepa2_rep1,2,8,mlp_fair,4819,2,da9
0.973176,0.973233,vjepa2_rep1,3,8,mlp_fair,4819,2,da9
0.967762,0.970341,vjepa2_rep1,4,8,mlp_fair,4819,2,da9
0.963316,0.967752,vjepa2_rep1,5,8,mlp_fair,4819,2,da9
0.959611,0.965608,vjepa2_rep1,6,8,mlp_fair,4819,2,da9
0.956574,0.963898,vjepa2_rep1,7,8,mlp_fair,4819,2,da9
0.9541,0.962581,vjepa2_rep1,8,8,mlp_fair,4819,2,da9
0.9877,0.988493,vjepa2_rep1,1,8,mlp_residual,4819,2,da9
0.979667,0.982118,vjepa2_rep1,2,8,mlp_residual,4819,2,da9
0.973176,0.977618,vjepa2_rep1,3,8,mlp_residual,4819,2,da9
0.967762,0.974098,vjepa2_rep1,4,8,mlp_residual,4819,2,da9
0.963316,0.971185,vjepa2_rep1,5,8,mlp_residual,4819,2,da9
0.959611,0.968566,vjepa2_rep1,6,8,mlp_residual,4819,2,da9
0.956574,0.966357,vjepa2_rep1,7,8,mlp_residual,4819,2,da9
0.9541,0.964581,vjepa2_rep1,8,8,mlp_residual,4819,2,da9
0.987308,0.950882,vjepa2_rep1,1,16,dit_x0,3619,0,da9
0.978696,0.950676,vjepa2_rep1,2,16,dit_x0,3619,0,da9
0.971842,0.950285,vjepa2_rep1,3,16,dit_x0,3619,0,da9
0.966249,0.949677,vjepa2_rep1,4,16,dit_x0,3619,0,da9
0.96166,0.948816,vjepa2_rep1,5,16,dit_x0,3619,0,da9
0.957939,0.948657,vjepa2_rep1,6,16,dit_x0,3619,0,da9
0.954924,0.948586,vjepa2_rep1,7,16,dit_x0,3619,0,da9
0.952354,0.9472,vjepa2_rep1,8,16,dit_x0,3619,0,da9
0.950257,0.946279,vjepa2_rep1,9,16,dit_x0,3619,0,da9
0.948487,0.946547,vjepa2_rep1,10,16,dit_x0,3619,0,da9
0.94684,0.945057,vjepa2_rep1,11,16,dit_x0,3619,0,da9
0.945282,0.944204,vjepa2_rep1,12,16,dit_x0,3619,0,da9
0.943759,0.94483,vjepa2_rep1,13,16,dit_x0,3619,0,da9
0.942383,0.942447,vjepa2_rep1,14,16,dit_x0,3619,0,da9
0.941275,0.942817,vjepa2_rep1,15,16,dit_x0,3619,0,da9
0.940214,0.940871,vjepa2_rep1,16,16,dit_x0,3619,0,da9
,0.987308,vjepa2_rep1,1,16,copy,3619,0,da9
,0.978696,vjepa2_rep1,2,16,copy,3619,0,da9
,0.971842,vjepa2_rep1,3,16,copy,3619,0,da9
,0.966249,vjepa2_rep1,4,16,copy,3619,0,da9
,0.96166,vjepa2_rep1,5,16,copy,3619,0,da9
,0.957939,vjepa2_rep1,6,16,copy,3619,0,da9
,0.954924,vjepa2_rep1,7,16,copy,3619,0,da9
,0.952354,vjepa2_rep1,8,16,copy,3619,0,da9
,0.950257,vjepa2_rep1,9,16,copy,3619,0,da9
,0.948487,vjepa2_rep1,10,16,copy,3619,0,da9
,0.94684,vjepa2_rep1,11,16,copy,3619,0,da9
,0.945282,vjepa2_rep1,12,16,copy,3619,0,da9
,0.943759,vjepa2_rep1,13,16,copy,3619,0,da9
,0.942383,vjepa2_rep1,14,16,copy,3619,0,da9
,0.941275,vjepa2_rep1,15,16,copy,3619,0,da9
,0.940214,vjepa2_rep1,16,16,copy,3619,0,da9
0.986964,0.979141,vjepa2_rep1,1,16,mlp_fair,3619,0,da9
0.978196,0.97478,vjepa2_rep1,2,16,mlp_fair,3619,0,da9
0.971234,0.970797,vjepa2_rep1,3,16,mlp_fair,3619,0,da9
0.965572,0.967244,vjepa2_rep1,4,16,mlp_fair,3619,0,da9
0.96091,0.9644,vjepa2_rep1,5,16,mlp_fair,3619,0,da9
0.957106,0.962073,vjepa2_rep1,6,16,mlp_fair,3619,0,da9
0.954016,0.960543,vjepa2_rep1,7,16,mlp_fair,3619,0,da9
0.951394,0.959318,vjepa2_rep1,8,16,mlp_fair,3619,0,da9
0.949278,0.958091,vjepa2_rep1,9,16,mlp_fair,3619,0,da9
0.947496,0.957571,vjepa2_rep1,10,16,mlp_fair,3619,0,da9
0.945819,0.956783,vjepa2_rep1,11,16,mlp_fair,3619,0,da9
0.944221,0.955884,vjepa2_rep1,12,16,mlp_fair,3619,0,da9
0.942653,0.955048,vjepa2_rep1,13,16,mlp_fair,3619,0,da9
0.941246,0.953764,vjepa2_rep1,14,16,mlp_fair,3619,0,da9
0.940123,0.952274,vjepa2_rep1,15,16,mlp_fair,3619,0,da9
0.939026,0.951116,vjepa2_rep1,16,16,mlp_fair,3619,0,da9
0.986964,0.986847,vjepa2_rep1,1,16,mlp_residual,3619,0,da9
0.978196,0.978452,vjepa2_rep1,2,16,mlp_residual,3619,0,da9
0.971234,0.97274,vjepa2_rep1,3,16,mlp_residual,3619,0,da9
0.965572,0.968471,vjepa2_rep1,4,16,mlp_residual,3619,0,da9
0.96091,0.965166,vjepa2_rep1,5,16,mlp_residual,3619,0,da9
0.957106,0.962372,vjepa2_rep1,6,16,mlp_residual,3619,0,da9
0.954016,0.960383,vjepa2_rep1,7,16,mlp_residual,3619,0,da9
0.951394,0.958777,vjepa2_rep1,8,16,mlp_residual,3619,0,da9
0.949278,0.957372,vjepa2_rep1,9,16,mlp_residual,3619,0,da9
0.947496,0.956157,vjepa2_rep1,10,16,mlp_residual,3619,0,da9
0.945819,0.954824,vjepa2_rep1,11,16,mlp_residual,3619,0,da9
0.944221,0.953796,vjepa2_rep1,12,16,mlp_residual,3619,0,da9
0.942653,0.952548,vjepa2_rep1,13,16,mlp_residual,3619,0,da9
0.941246,0.951078,vjepa2_rep1,14,16,mlp_residual,3619,0,da9
0.940123,0.949426,vjepa2_rep1,15,16,mlp_residual,3619,0,da9
0.939026,0.948345,vjepa2_rep1,16,16,mlp_residual,3619,0,da9
0.988062,0.95203,vjepa2_rep1,1,16,dit_x0,3619,1,da9
0.979999,0.951595,vjepa2_rep1,2,16,dit_x0,3619,1,da9
0.973504,0.951172,vjepa2_rep1,3,16,dit_x0,3619,1,da9
0.968116,0.950885,vjepa2_rep1,4,16,dit_x0,3619,1,da9
0.963729,0.949393,vjepa2_rep1,5,16,dit_x0,3619,1,da9
0.960141,0.949045,vjepa2_rep1,6,16,dit_x0,3619,1,da9
0.957223,0.948618,vjepa2_rep1,7,16,dit_x0,3619,1,da9
0.95477,0.949071,vjepa2_rep1,8,16,dit_x0,3619,1,da9
0.952803,0.948423,vjepa2_rep1,9,16,dit_x0,3619,1,da9
0.951105,0.948144,vjepa2_rep1,10,16,dit_x0,3619,1,da9
0.949513,0.9474,vjepa2_rep1,11,16,dit_x0,3619,1,da9
0.947995,0.946675,vjepa2_rep1,12,16,dit_x0,3619,1,da9
0.946513,0.946322,vjepa2_rep1,13,16,dit_x0,3619,1,da9
0.945187,0.944904,vjepa2_rep1,14,16,dit_x0,3619,1,da9
0.944099,0.945087,vjepa2_rep1,15,16,dit_x0,3619,1,da9
0.943052,0.943537,vjepa2_rep1,16,16,dit_x0,3619,1,da9
,0.988062,vjepa2_rep1,1,16,copy,3619,1,da9
,0.979999,vjepa2_rep1,2,16,copy,3619,1,da9
,0.973504,vjepa2_rep1,3,16,copy,3619,1,da9
,0.968116,vjepa2_rep1,4,16,copy,3619,1,da9
,0.963729,vjepa2_rep1,5,16,copy,3619,1,da9
,0.960141,vjepa2_rep1,6,16,copy,3619,1,da9
,0.957223,vjepa2_rep1,7,16,copy,3619,1,da9
,0.95477,vjepa2_rep1,8,16,copy,3619,1,da9
,0.952803,vjepa2_rep1,9,16,copy,3619,1,da9
,0.951105,vjepa2_rep1,10,16,copy,3619,1,da9
,0.949513,vjepa2_rep1,11,16,copy,3619,1,da9
,0.947995,vjepa2_rep1,12,16,copy,3619,1,da9
,0.946513,vjepa2_rep1,13,16,copy,3619,1,da9
,0.945187,vjepa2_rep1,14,16,copy,3619,1,da9
,0.944099,vjepa2_rep1,15,16,copy,3619,1,da9
,0.943052,vjepa2_rep1,16,16,copy,3619,1,da9
0.988401,0.981422,vjepa2_rep1,1,16,mlp_fair,3619,1,da9
0.980612,0.977419,vjepa2_rep1,2,16,mlp_fair,3619,1,da9
0.974373,0.973624,vjepa2_rep1,3,16,mlp_fair,3619,1,da9
0.969211,0.970252,vjepa2_rep1,4,16,mlp_fair,3619,1,da9
0.964984,0.967515,vjepa2_rep1,5,16,mlp_fair,3619,1,da9
0.961527,0.96541,vjepa2_rep1,6,16,mlp_fair,3619,1,da9
0.958711,0.963987,vjepa2_rep1,7,16,mlp_fair,3619,1,da9
0.95633,0.963005,vjepa2_rep1,8,16,mlp_fair,3619,1,da9
0.954417,0.962373,vjepa2_rep1,9,16,mlp_fair,3619,1,da9
0.952763,0.961806,vjepa2_rep1,10,16,mlp_fair,3619,1,da9
0.951218,0.960941,vjepa2_rep1,11,16,mlp_fair,3619,1,da9
0.949743,0.960102,vjepa2_rep1,12,16,mlp_fair,3619,1,da9
0.948312,0.959461,vjepa2_rep1,13,16,mlp_fair,3619,1,da9
0.947035,0.958322,vjepa2_rep1,14,16,mlp_fair,3619,1,da9
0.94598,0.957156,vjepa2_rep1,15,16,mlp_fair,3619,1,da9
0.944963,0.956343,vjepa2_rep1,16,16,mlp_fair,3619,1,da9
0.988062,0.988124,vjepa2_rep1,1,16,mlp_residual,3619,1,da9
0.979999,0.980307,vjepa2_rep1,2,16,mlp_residual,3619,1,da9
0.973504,0.974623,vjepa2_rep1,3,16,mlp_residual,3619,1,da9
0.968116,0.970377,vjepa2_rep1,4,16,mlp_residual,3619,1,da9
0.963729,0.96717,vjepa2_rep1,5,16,mlp_residual,3619,1,da9
0.960141,0.964774,vjepa2_rep1,6,16,mlp_residual,3619,1,da9
0.957223,0.962886,vjepa2_rep1,7,16,mlp_residual,3619,1,da9
0.95477,0.961424,vjepa2_rep1,8,16,mlp_residual,3619,1,da9
0.952803,0.960149,vjepa2_rep1,9,16,mlp_residual,3619,1,da9
0.951105,0.959171,vjepa2_rep1,10,16,mlp_residual,3619,1,da9
0.949513,0.958038,vjepa2_rep1,11,16,mlp_residual,3619,1,da9
0.947995,0.956863,vjepa2_rep1,12,16,mlp_residual,3619,1,da9
0.946513,0.955845,vjepa2_rep1,13,16,mlp_residual,3619,1,da9
0.945187,0.954512,vjepa2_rep1,14,16,mlp_residual,3619,1,da9
0.944099,0.953118,vjepa2_rep1,15,16,mlp_residual,3619,1,da9
0.943052,0.952188,vjepa2_rep1,16,16,mlp_residual,3619,1,da9
0.986877,0.948837,vjepa2_rep1,1,16,dit_x0,3619,2,da9
0.978003,0.947995,vjepa2_rep1,2,16,dit_x0,3619,2,da9
0.970839,0.947484,vjepa2_rep1,3,16,dit_x0,3619,2,da9
0.96487,0.94783,vjepa2_rep1,4,16,dit_x0,3619,2,da9
0.960016,0.94594,vjepa2_rep1,5,16,dit_x0,3619,2,da9
0.956,0.946229,vjepa2_rep1,6,16,dit_x0,3619,2,da9
0.952725,0.94626,vjepa2_rep1,7,16,dit_x0,3619,2,da9
0.949941,0.945792,vjepa2_rep1,8,16,dit_x0,3619,2,da9
0.947702,0.945485,vjepa2_rep1,9,16,dit_x0,3619,2,da9
0.945818,0.944729,vjepa2_rep1,10,16,dit_x0,3619,2,da9
0.944059,0.944306,vjepa2_rep1,11,16,dit_x0,3619,2,da9
0.942412,0.943098,vjepa2_rep1,12,16,dit_x0,3619,2,da9
0.940803,0.941521,vjepa2_rep1,13,16,dit_x0,3619,2,da9
0.939326,0.942045,vjepa2_rep1,14,16,dit_x0,3619,2,da9
0.938148,0.941464,vjepa2_rep1,15,16,dit_x0,3619,2,da9
0.936961,0.940391,vjepa2_rep1,16,16,dit_x0,3619,2,da9
,0.986877,vjepa2_rep1,1,16,copy,3619,2,da9
,0.978003,vjepa2_rep1,2,16,copy,3619,2,da9
,0.970839,vjepa2_rep1,3,16,copy,3619,2,da9
,0.96487,vjepa2_rep1,4,16,copy,3619,2,da9
,0.960016,vjepa2_rep1,5,16,copy,3619,2,da9
,0.956,vjepa2_rep1,6,16,copy,3619,2,da9
,0.952725,vjepa2_rep1,7,16,copy,3619,2,da9
,0.949941,vjepa2_rep1,8,16,copy,3619,2,da9
,0.947702,vjepa2_rep1,9,16,copy,3619,2,da9
,0.945818,vjepa2_rep1,10,16,copy,3619,2,da9
,0.944059,vjepa2_rep1,11,16,copy,3619,2,da9
,0.942412,vjepa2_rep1,12,16,copy,3619,2,da9
,0.940803,vjepa2_rep1,13,16,copy,3619,2,da9
,0.939326,vjepa2_rep1,14,16,copy,3619,2,da9
,0.938148,vjepa2_rep1,15,16,copy,3619,2,da9
,0.936961,vjepa2_rep1,16,16,copy,3619,2,da9
0.986877,0.979133,vjepa2_rep1,1,16,mlp_fair,3619,2,da9
0.978003,0.9744,vjepa2_rep1,2,16,mlp_fair,3619,2,da9
0.970839,0.970288,vjepa2_rep1,3,16,mlp_fair,3619,2,da9
0.96487,0.966611,vjepa2_rep1,4,16,mlp_fair,3619,2,da9
0.960016,0.963566,vjepa2_rep1,5,16,mlp_fair,3619,2,da9
0.956,0.960929,vjepa2_rep1,6,16,mlp_fair,3619,2,da9
0.952725,0.958984,vjepa2_rep1,7,16,mlp_fair,3619,2,da9
0.949941,0.95781,vjepa2_rep1,8,16,mlp_fair,3619,2,da9
0.947702,0.956995,vjepa2_rep1,9,16,mlp_fair,3619,2,da9
0.945818,0.95635,vjepa2_rep1,10,16,mlp_fair,3619,2,da9
0.944059,0.955448,vjepa2_rep1,11,16,mlp_fair,3619,2,da9
0.942412,0.954634,vjepa2_rep1,12,16,mlp_fair,3619,2,da9
0.940803,0.953882,vjepa2_rep1,13,16,mlp_fair,3619,2,da9
0.939326,0.952535,vjepa2_rep1,14,16,mlp_fair,3619,2,da9
0.938148,0.9511,vjepa2_rep1,15,16,mlp_fair,3619,2,da9
0.936961,0.949779,vjepa2_rep1,16,16,mlp_fair,3619,2,da9
0.986877,0.98688,vjepa2_rep1,1,16,mlp_residual,3619,2,da9
0.978003,0.978248,vjepa2_rep1,2,16,mlp_residual,3619,2,da9
0.970839,0.97196,vjepa2_rep1,3,16,mlp_residual,3619,2,da9
0.96487,0.96709,vjepa2_rep1,4,16,mlp_residual,3619,2,da9
0.960016,0.963258,vjepa2_rep1,5,16,mlp_residual,3619,2,da9
0.956,0.960266,vjepa2_rep1,6,16,mlp_residual,3619,2,da9
0.952725,0.958032,vjepa2_rep1,7,16,mlp_residual,3619,2,da9
0.949941,0.956673,vjepa2_rep1,8,16,mlp_residual,3619,2,da9
0.947702,0.955634,vjepa2_rep1,9,16,mlp_residual,3619,2,da9
0.945818,0.954806,vjepa2_rep1,10,16,mlp_residual,3619,2,da9
0.944059,0.953543,vjepa2_rep1,11,16,mlp_residual,3619,2,da9
0.942412,0.952484,vjepa2_rep1,12,16,mlp_residual,3619,2,da9
0.940803,0.951299,vjepa2_rep1,13,16,mlp_residual,3619,2,da9
0.939326,0.949626,vjepa2_rep1,14,16,mlp_residual,3619,2,da9
0.938148,0.948078,vjepa2_rep1,15,16,mlp_residual,3619,2,da9
0.936961,0.946668,vjepa2_rep1,16,16,mlp_residual,3619,2,da9
0.990951,0.973265,vjepa2_rep64,1,8,dit_x0,4819,0,da9
0.982904,0.973249,vjepa2_rep64,2,8,dit_x0,4819,0,da9
0.975477,0.972403,vjepa2_rep64,3,8,dit_x0,4819,0,da9
0.969358,0.970209,vjepa2_rep64,4,8,dit_x0,4819,0,da9
0.964057,0.967997,vjepa2_rep64,5,8,dit_x0,4819,0,da9
0.959555,0.965523,vjepa2_rep64,6,8,dit_x0,4819,0,da9
0.955693,0.963154,vjepa2_rep64,7,8,dit_x0,4819,0,da9
0.952388,0.96093,vjepa2_rep64,8,8,dit_x0,4819,0,da9
,0.990951,vjepa2_rep64,1,8,copy,4819,0,da9
,0.982904,vjepa2_rep64,2,8,copy,4819,0,da9
,0.975477,vjepa2_rep64,3,8,copy,4819,0,da9
,0.969358,vjepa2_rep64,4,8,copy,4819,0,da9
,0.964057,vjepa2_rep64,5,8,copy,4819,0,da9
,0.959555,vjepa2_rep64,6,8,copy,4819,0,da9
,0.955693,vjepa2_rep64,7,8,copy,4819,0,da9
,0.952388,vjepa2_rep64,8,8,copy,4819,0,da9
0.991955,0.98267,vjepa2_rep64,1,8,mlp_fair,4819,0,da9
0.984746,0.979858,vjepa2_rep64,2,8,mlp_fair,4819,0,da9
0.978045,0.976463,vjepa2_rep64,3,8,mlp_fair,4819,0,da9
0.972514,0.973206,vjepa2_rep64,4,8,mlp_fair,4819,0,da9
0.967718,0.970347,vjepa2_rep64,5,8,mlp_fair,4819,0,da9
0.963648,0.96772,vjepa2_rep64,6,8,mlp_fair,4819,0,da9
0.960156,0.96545,vjepa2_rep64,7,8,mlp_fair,4819,0,da9
0.957161,0.963615,vjepa2_rep64,8,8,mlp_fair,4819,0,da9
0.991955,0.994163,vjepa2_rep64,1,8,mlp_residual,4819,0,da9
0.984746,0.988909,vjepa2_rep64,2,8,mlp_residual,4819,0,da9
0.978045,0.984131,vjepa2_rep64,3,8,mlp_residual,4819,0,da9
0.972514,0.980269,vjepa2_rep64,4,8,mlp_residual,4819,0,da9
0.967718,0.977035,vjepa2_rep64,5,8,mlp_residual,4819,0,da9
0.963648,0.974248,vjepa2_rep64,6,8,mlp_residual,4819,0,da9
0.960156,0.971694,vjepa2_rep64,7,8,mlp_residual,4819,0,da9
0.957161,0.969407,vjepa2_rep64,8,8,mlp_residual,4819,0,da9
0.991378,0.974119,vjepa2_rep64,1,8,dit_x0,4819,1,da9
0.983721,0.974008,vjepa2_rep64,2,8,dit_x0,4819,1,da9
0.976547,0.972539,vjepa2_rep64,3,8,dit_x0,4819,1,da9
0.970583,0.970234,vjepa2_rep64,4,8,dit_x0,4819,1,da9
0.965415,0.968353,vjepa2_rep64,5,8,dit_x0,4819,1,da9
0.96102,0.966066,vjepa2_rep64,6,8,dit_x0,4819,1,da9
0.957254,0.963954,vjepa2_rep64,7,8,dit_x0,4819,1,da9
0.954038,0.961514,vjepa2_rep64,8,8,dit_x0,4819,1,da9
,0.991378,vjepa2_rep64,1,8,copy,4819,1,da9
,0.983721,vjepa2_rep64,2,8,copy,4819,1,da9
,0.976547,vjepa2_rep64,3,8,copy,4819,1,da9
,0.970583,vjepa2_rep64,4,8,copy,4819,1,da9
,0.965415,vjepa2_rep64,5,8,copy,4819,1,da9
,0.96102,vjepa2_rep64,6,8,copy,4819,1,da9
,0.957254,vjepa2_rep64,7,8,copy,4819,1,da9
,0.954038,vjepa2_rep64,8,8,copy,4819,1,da9
0.99167,0.986542,vjepa2_rep64,1,8,mlp_fair,4819,1,da9
0.984247,0.983267,vjepa2_rep64,2,8,mlp_fair,4819,1,da9
0.977293,0.979369,vjepa2_rep64,3,8,mlp_fair,4819,1,da9
0.971522,0.976019,vjepa2_rep64,4,8,mlp_fair,4819,1,da9
0.966529,0.972888,vjepa2_rep64,5,8,mlp_fair,4819,1,da9
0.962287,0.969844,vjepa2_rep64,6,8,mlp_fair,4819,1,da9
0.958651,0.967101,vjepa2_rep64,7,8,mlp_fair,4819,1,da9
0.955546,0.964665,vjepa2_rep64,8,8,mlp_fair,4819,1,da9
0.99187,0.994041,vjepa2_rep64,1,8,mlp_residual,4819,1,da9
0.984691,0.988803,vjepa2_rep64,2,8,mlp_residual,4819,1,da9
0.978034,0.983974,vjepa2_rep64,3,8,mlp_residual,4819,1,da9
0.972551,0.980122,vjepa2_rep64,4,8,mlp_residual,4819,1,da9
0.967806,0.976943,vjepa2_rep64,5,8,mlp_residual,4819,1,da9
0.963765,0.974284,vjepa2_rep64,6,8,mlp_residual,4819,1,da9
0.960308,0.971742,vjepa2_rep64,7,8,mlp_residual,4819,1,da9
0.957331,0.969476,vjepa2_rep64,8,8,mlp_residual,4819,1,da9
0.991057,0.973122,vjepa2_rep64,1,8,dit_x0,4819,2,da9
0.983054,0.973108,vjepa2_rep64,2,8,dit_x0,4819,2,da9
0.975549,0.971307,vjepa2_rep64,3,8,dit_x0,4819,2,da9
0.969278,0.96986,vjepa2_rep64,4,8,dit_x0,4819,2,da9
0.963828,0.967625,vjepa2_rep64,5,8,dit_x0,4819,2,da9
0.959181,0.965734,vjepa2_rep64,6,8,dit_x0,4819,2,da9
0.95521,0.963079,vjepa2_rep64,7,8,dit_x0,4819,2,da9
0.951786,0.961201,vjepa2_rep64,8,8,dit_x0,4819,2,da9
,0.991057,vjepa2_rep64,1,8,copy,4819,2,da9
,0.983054,vjepa2_rep64,2,8,copy,4819,2,da9
,0.975549,vjepa2_rep64,3,8,copy,4819,2,da9
,0.969278,vjepa2_rep64,4,8,copy,4819,2,da9
,0.963828,vjepa2_rep64,5,8,copy,4819,2,da9
,0.959181,vjepa2_rep64,6,8,copy,4819,2,da9
,0.95521,vjepa2_rep64,7,8,copy,4819,2,da9
,0.951786,vjepa2_rep64,8,8,copy,4819,2,da9
0.991057,0.985682,vjepa2_rep64,1,8,mlp_fair,4819,2,da9
0.983054,0.982278,vjepa2_rep64,2,8,mlp_fair,4819,2,da9
0.975549,0.978177,vjepa2_rep64,3,8,mlp_fair,4819,2,da9
0.969278,0.974463,vjepa2_rep64,4,8,mlp_fair,4819,2,da9
0.963828,0.971141,vjepa2_rep64,5,8,mlp_fair,4819,2,da9
0.959181,0.968051,vjepa2_rep64,6,8,mlp_fair,4819,2,da9
0.95521,0.964972,vjepa2_rep64,7,8,mlp_fair,4819,2,da9
0.951786,0.962364,vjepa2_rep64,8,8,mlp_fair,4819,2,da9
0.991218,0.993483,vjepa2_rep64,1,8,mlp_residual,4819,2,da9
0.983389,0.987337,vjepa2_rep64,2,8,mlp_residual,4819,2,da9
0.976075,0.981702,vjepa2_rep64,3,8,mlp_residual,4819,2,da9
0.969983,0.977154,vjepa2_rep64,4,8,mlp_residual,4819,2,da9
0.964685,0.973227,vjepa2_rep64,5,8,mlp_residual,4819,2,da9
0.960171,0.969756,vjepa2_rep64,6,8,mlp_residual,4819,2,da9
0.956308,0.966691,vjepa2_rep64,7,8,mlp_residual,4819,2,da9
0.952985,0.96414,vjepa2_rep64,8,8,mlp_residual,4819,2,da9
0.990179,0.957283,vjepa2_rep64,1,16,dit_x0,3619,0,da9
0.981749,0.957331,vjepa2_rep64,2,16,dit_x0,3619,0,da9
0.97414,0.957201,vjepa2_rep64,3,16,dit_x0,3619,0,da9
0.967939,0.955866,vjepa2_rep64,4,16,dit_x0,3619,0,da9
0.962595,0.955627,vjepa2_rep64,5,16,dit_x0,3619,0,da9
0.958148,0.954321,vjepa2_rep64,6,16,dit_x0,3619,0,da9
0.954291,0.953531,vjepa2_rep64,7,16,dit_x0,3619,0,da9
0.951076,0.95172,vjepa2_rep64,8,16,dit_x0,3619,0,da9
0.948412,0.951399,vjepa2_rep64,9,16,dit_x0,3619,0,da9
0.945862,0.949487,vjepa2_rep64,10,16,dit_x0,3619,0,da9
0.943725,0.948471,vjepa2_rep64,11,16,dit_x0,3619,0,da9
0.941752,0.947573,vjepa2_rep64,12,16,dit_x0,3619,0,da9
0.940014,0.945953,vjepa2_rep64,13,16,dit_x0,3619,0,da9
0.938226,0.944602,vjepa2_rep64,14,16,dit_x0,3619,0,da9
0.936669,0.943316,vjepa2_rep64,15,16,dit_x0,3619,0,da9
0.935237,0.942101,vjepa2_rep64,16,16,dit_x0,3619,0,da9
,0.990179,vjepa2_rep64,1,16,copy,3619,0,da9
,0.981749,vjepa2_rep64,2,16,copy,3619,0,da9
,0.97414,vjepa2_rep64,3,16,copy,3619,0,da9
,0.967939,vjepa2_rep64,4,16,copy,3619,0,da9
,0.962595,vjepa2_rep64,5,16,copy,3619,0,da9
,0.958148,vjepa2_rep64,6,16,copy,3619,0,da9
,0.954291,vjepa2_rep64,7,16,copy,3619,0,da9
,0.951076,vjepa2_rep64,8,16,copy,3619,0,da9
,0.948412,vjepa2_rep64,9,16,copy,3619,0,da9
,0.945862,vjepa2_rep64,10,16,copy,3619,0,da9
,0.943725,vjepa2_rep64,11,16,copy,3619,0,da9
,0.941752,vjepa2_rep64,12,16,copy,3619,0,da9
,0.940014,vjepa2_rep64,13,16,copy,3619,0,da9
,0.938226,vjepa2_rep64,14,16,copy,3619,0,da9
,0.936669,vjepa2_rep64,15,16,copy,3619,0,da9
,0.935237,vjepa2_rep64,16,16,copy,3619,0,da9
0.990179,0.983722,vjepa2_rep64,1,16,mlp_fair,3619,0,da9
0.981749,0.980476,vjepa2_rep64,2,16,mlp_fair,3619,0,da9
0.97414,0.976379,vjepa2_rep64,3,16,mlp_fair,3619,0,da9
0.967939,0.972643,vjepa2_rep64,4,16,mlp_fair,3619,0,da9
0.962595,0.969433,vjepa2_rep64,5,16,mlp_fair,3619,0,da9
0.958148,0.966646,vjepa2_rep64,6,16,mlp_fair,3619,0,da9
0.954291,0.964311,vjepa2_rep64,7,16,mlp_fair,3619,0,da9
0.951076,0.962328,vjepa2_rep64,8,16,mlp_fair,3619,0,da9
0.948412,0.960376,vjepa2_rep64,9,16,mlp_fair,3619,0,da9
0.945862,0.958632,vjepa2_rep64,10,16,mlp_fair,3619,0,da9
0.943725,0.957125,vjepa2_rep64,11,16,mlp_fair,3619,0,da9
0.941752,0.956017,vjepa2_rep64,12,16,mlp_fair,3619,0,da9
0.940014,0.954634,vjepa2_rep64,13,16,mlp_fair,3619,0,da9
0.938226,0.953077,vjepa2_rep64,14,16,mlp_fair,3619,0,da9
0.936669,0.951469,vjepa2_rep64,15,16,mlp_fair,3619,0,da9
0.935237,0.950178,vjepa2_rep64,16,16,mlp_fair,3619,0,da9
0.990179,0.993273,vjepa2_rep64,1,16,mlp_residual,3619,0,da9
0.981749,0.986751,vjepa2_rep64,2,16,mlp_residual,3619,0,da9
0.97414,0.980347,vjepa2_rep64,3,16,mlp_residual,3619,0,da9
0.967939,0.975311,vjepa2_rep64,4,16,mlp_residual,3619,0,da9
0.962595,0.971239,vjepa2_rep64,5,16,mlp_residual,3619,0,da9
0.958148,0.967878,vjepa2_rep64,6,16,mlp_residual,3619,0,da9
0.954291,0.965021,vjepa2_rep64,7,16,mlp_residual,3619,0,da9
0.951076,0.96265,vjepa2_rep64,8,16,mlp_residual,3619,0,da9
0.948412,0.960644,vjepa2_rep64,9,16,mlp_residual,3619,0,da9
0.945862,0.958712,vjepa2_rep64,10,16,mlp_residual,3619,0,da9
0.943725,0.956922,vjepa2_rep64,11,16,mlp_residual,3619,0,da9
0.941752,0.955138,vjepa2_rep64,12,16,mlp_residual,3619,0,da9
0.940014,0.95324,vjepa2_rep64,13,16,mlp_residual,3619,0,da9
0.938226,0.951166,vjepa2_rep64,14,16,mlp_residual,3619,0,da9
0.936669,0.949258,vjepa2_rep64,15,16,mlp_residual,3619,0,da9
0.935237,0.947881,vjepa2_rep64,16,16,mlp_residual,3619,0,da9
0.990656,0.958145,vjepa2_rep64,1,16,dit_x0,3619,1,da9
0.982662,0.958208,vjepa2_rep64,2,16,dit_x0,3619,1,da9
0.975322,0.95791,vjepa2_rep64,3,16,dit_x0,3619,1,da9
0.969279,0.957471,vjepa2_rep64,4,16,dit_x0,3619,1,da9
0.96407,0.956323,vjepa2_rep64,5,16,dit_x0,3619,1,da9
0.959721,0.955337,vjepa2_rep64,6,16,dit_x0,3619,1,da9
0.955943,0.955084,vjepa2_rep64,7,16,dit_x0,3619,1,da9
0.952793,0.953725,vjepa2_rep64,8,16,dit_x0,3619,1,da9
0.950178,0.952942,vjepa2_rep64,9,16,dit_x0,3619,1,da9
0.947649,0.952319,vjepa2_rep64,10,16,dit_x0,3619,1,da9
0.945522,0.951505,vjepa2_rep64,11,16,dit_x0,3619,1,da9
0.943567,0.949682,vjepa2_rep64,12,16,dit_x0,3619,1,da9
0.94181,0.949435,vjepa2_rep64,13,16,dit_x0,3619,1,da9
0.940015,0.947955,vjepa2_rep64,14,16,dit_x0,3619,1,da9
0.938468,0.947037,vjepa2_rep64,15,16,dit_x0,3619,1,da9
0.937073,0.945594,vjepa2_rep64,16,16,dit_x0,3619,1,da9
,0.990656,vjepa2_rep64,1,16,copy,3619,1,da9
,0.982662,vjepa2_rep64,2,16,copy,3619,1,da9
,0.975322,vjepa2_rep64,3,16,copy,3619,1,da9
,0.969279,vjepa2_rep64,4,16,copy,3619,1,da9
,0.96407,vjepa2_rep64,5,16,copy,3619,1,da9
,0.959721,vjepa2_rep64,6,16,copy,3619,1,da9
,0.955943,vjepa2_rep64,7,16,copy,3619,1,da9
,0.952793,vjepa2_rep64,8,16,copy,3619,1,da9
,0.950178,vjepa2_rep64,9,16,copy,3619,1,da9
,0.947649,vjepa2_rep64,10,16,copy,3619,1,da9
,0.945522,vjepa2_rep64,11,16,copy,3619,1,da9
,0.943567,vjepa2_rep64,12,16,copy,3619,1,da9
,0.94181,vjepa2_rep64,13,16,copy,3619,1,da9
,0.940015,vjepa2_rep64,14,16,copy,3619,1,da9
,0.938468,vjepa2_rep64,15,16,copy,3619,1,da9
,0.937073,vjepa2_rep64,16,16,copy,3619,1,da9
0.990656,0.983993,vjepa2_rep64,1,16,mlp_fair,3619,1,da9
0.982662,0.980886,vjepa2_rep64,2,16,mlp_fair,3619,1,da9
0.975322,0.976961,vjepa2_rep64,3,16,mlp_fair,3619,1,da9
0.969279,0.973101,vjepa2_rep64,4,16,mlp_fair,3619,1,da9
0.96407,0.969786,vjepa2_rep64,5,16,mlp_fair,3619,1,da9
0.959721,0.967041,vjepa2_rep64,6,16,mlp_fair,3619,1,da9
0.955943,0.964826,vjepa2_rep64,7,16,mlp_fair,3619,1,da9
0.952793,0.962873,vjepa2_rep64,8,16,mlp_fair,3619,1,da9
0.950178,0.961194,vjepa2_rep64,9,16,mlp_fair,3619,1,da9
0.947649,0.959706,vjepa2_rep64,10,16,mlp_fair,3619,1,da9
0.945522,0.958335,vjepa2_rep64,11,16,mlp_fair,3619,1,da9
0.943567,0.956902,vjepa2_rep64,12,16,mlp_fair,3619,1,da9
0.94181,0.955544,vjepa2_rep64,13,16,mlp_fair,3619,1,da9
0.940015,0.953897,vjepa2_rep64,14,16,mlp_fair,3619,1,da9
0.938468,0.952306,vjepa2_rep64,15,16,mlp_fair,3619,1,da9
0.937073,0.951022,vjepa2_rep64,16,16,mlp_fair,3619,1,da9
0.990656,0.993345,vjepa2_rep64,1,16,mlp_residual,3619,1,da9
0.982662,0.986837,vjepa2_rep64,2,16,mlp_residual,3619,1,da9
0.975322,0.980645,vjepa2_rep64,3,16,mlp_residual,3619,1,da9
0.969279,0.975733,vjepa2_rep64,4,16,mlp_residual,3619,1,da9
0.96407,0.97182,vjepa2_rep64,5,16,mlp_residual,3619,1,da9
0.959721,0.968644,vjepa2_rep64,6,16,mlp_residual,3619,1,da9
0.955943,0.965833,vjepa2_rep64,7,16,mlp_residual,3619,1,da9
0.952793,0.963434,vjepa2_rep64,8,16,mlp_residual,3619,1,da9
0.950178,0.961381,vjepa2_rep64,9,16,mlp_residual,3619,1,da9
0.947649,0.959498,vjepa2_rep64,10,16,mlp_residual,3619,1,da9
0.945522,0.957861,vjepa2_rep64,11,16,mlp_residual,3619,1,da9
0.943567,0.956363,vjepa2_rep64,12,16,mlp_residual,3619,1,da9
0.94181,0.954849,vjepa2_rep64,13,16,mlp_residual,3619,1,da9
0.940015,0.95297,vjepa2_rep64,14,16,mlp_residual,3619,1,da9
0.938468,0.951165,vjepa2_rep64,15,16,mlp_residual,3619,1,da9
0.937073,0.949784,vjepa2_rep64,16,16,mlp_residual,3619,1,da9
0.990356,0.956849,vjepa2_rep64,1,16,dit_x0,3619,2,da9
0.982036,0.957347,vjepa2_rep64,2,16,dit_x0,3619,2,da9
0.974389,0.956057,vjepa2_rep64,3,16,dit_x0,3619,2,da9
0.96806,0.955437,vjepa2_rep64,4,16,dit_x0,3619,2,da9
0.962594,0.954076,vjepa2_rep64,5,16,dit_x0,3619,2,da9
0.958006,0.953652,vjepa2_rep64,6,16,dit_x0,3619,2,da9
0.95404,0.953024,vjepa2_rep64,7,16,dit_x0,3619,2,da9
0.95069,0.952236,vjepa2_rep64,8,16,dit_x0,3619,2,da9
0.947921,0.951427,vjepa2_rep64,9,16,dit_x0,3619,2,da9
0.945308,0.949371,vjepa2_rep64,10,16,dit_x0,3619,2,da9
0.943127,0.948743,vjepa2_rep64,11,16,dit_x0,3619,2,da9
0.941083,0.947634,vjepa2_rep64,12,16,dit_x0,3619,2,da9
0.939274,0.946032,vjepa2_rep64,13,16,dit_x0,3619,2,da9
0.937434,0.945414,vjepa2_rep64,14,16,dit_x0,3619,2,da9
0.935834,0.944446,vjepa2_rep64,15,16,dit_x0,3619,2,da9
0.934344,0.943483,vjepa2_rep64,16,16,dit_x0,3619,2,da9
,0.990356,vjepa2_rep64,1,16,copy,3619,2,da9
,0.982036,vjepa2_rep64,2,16,copy,3619,2,da9
,0.974389,vjepa2_rep64,3,16,copy,3619,2,da9
,0.96806,vjepa2_rep64,4,16,copy,3619,2,da9
,0.962594,vjepa2_rep64,5,16,copy,3619,2,da9
,0.958006,vjepa2_rep64,6,16,copy,3619,2,da9
,0.95404,vjepa2_rep64,7,16,copy,3619,2,da9
,0.95069,vjepa2_rep64,8,16,copy,3619,2,da9
,0.947921,vjepa2_rep64,9,16,copy,3619,2,da9
,0.945308,vjepa2_rep64,10,16,copy,3619,2,da9
,0.943127,vjepa2_rep64,11,16,copy,3619,2,da9
,0.941083,vjepa2_rep64,12,16,copy,3619,2,da9
,0.939274,vjepa2_rep64,13,16,copy,3619,2,da9
,0.937434,vjepa2_rep64,14,16,copy,3619,2,da9
,0.935834,vjepa2_rep64,15,16,copy,3619,2,da9
,0.934344,vjepa2_rep64,16,16,copy,3619,2,da9
0.990356,0.983372,vjepa2_rep64,1,16,mlp_fair,3619,2,da9
0.982036,0.980094,vjepa2_rep64,2,16,mlp_fair,3619,2,da9
0.974389,0.975955,vjepa2_rep64,3,16,mlp_fair,3619,2,da9
0.96806,0.972171,vjepa2_rep64,4,16,mlp_fair,3619,2,da9
0.962594,0.968838,vjepa2_rep64,5,16,mlp_fair,3619,2,da9
0.958006,0.966031,vjepa2_rep64,6,16,mlp_fair,3619,2,da9
0.95404,0.963617,vjepa2_rep64,7,16,mlp_fair,3619,2,da9
0.95069,0.96144,vjepa2_rep64,8,16,mlp_fair,3619,2,da9
0.947921,0.959441,vjepa2_rep64,9,16,mlp_fair,3619,2,da9
0.945308,0.957629,vjepa2_rep64,10,16,mlp_fair,3619,2,da9
0.943127,0.95601,vjepa2_rep64,11,16,mlp_fair,3619,2,da9
0.941083,0.954515,vjepa2_rep64,12,16,mlp_fair,3619,2,da9
0.939274,0.953032,vjepa2_rep64,13,16,mlp_fair,3619,2,da9
0.937434,0.951264,vjepa2_rep64,14,16,mlp_fair,3619,2,da9
0.935834,0.949564,vjepa2_rep64,15,16,mlp_fair,3619,2,da9
0.934344,0.948323,vjepa2_rep64,16,16,mlp_fair,3619,2,da9
0.990356,0.993097,vjepa2_rep64,1,16,mlp_residual,3619,2,da9
0.982036,0.98628,vjepa2_rep64,2,16,mlp_residual,3619,2,da9
0.974389,0.979736,vjepa2_rep64,3,16,mlp_residual,3619,2,da9
0.96806,0.974614,vjepa2_rep64,4,16,mlp_residual,3619,2,da9
0.962594,0.970376,vjepa2_rep64,5,16,mlp_residual,3619,2,da9
0.958006,0.966804,vjepa2_rep64,6,16,mlp_residual,3619,2,da9
0.95404,0.9639,vjepa2_rep64,7,16,mlp_residual,3619,2,da9
0.95069,0.961319,vjepa2_rep64,8,16,mlp_residual,3619,2,da9
0.947921,0.95933,vjepa2_rep64,9,16,mlp_residual,3619,2,da9
0.945308,0.957551,vjepa2_rep64,10,16,mlp_residual,3619,2,da9
0.943127,0.955987,vjepa2_rep64,11,16,mlp_residual,3619,2,da9
0.941083,0.954375,vjepa2_rep64,12,16,mlp_residual,3619,2,da9
0.939274,0.95269,vjepa2_rep64,13,16,mlp_residual,3619,2,da9
0.937434,0.95073,vjepa2_rep64,14,16,mlp_residual,3619,2,da9
0.935834,0.948948,vjepa2_rep64,15,16,mlp_residual,3619,2,da9
0.934344,0.947594,vjepa2_rep64,16,16,mlp_residual,3619,2,da9
0.995237,0.971527,vq_track,1,8,dit_x0,4819,0,da9
0.992896,0.971085,vq_track,2,8,dit_x0,4819,0,da9
0.991126,0.970362,vq_track,3,8,dit_x0,4819,0,da9
0.989723,0.970215,vq_track,4,8,dit_x0,4819,0,da9
0.988472,0.969884,vq_track,5,8,dit_x0,4819,0,da9
0.987333,0.969527,vq_track,6,8,dit_x0,4819,0,da9
0.986297,0.968947,vq_track,7,8,dit_x0,4819,0,da9
0.985321,0.96856,vq_track,8,8,dit_x0,4819,0,da9
,0.995237,vq_track,1,8,copy,4819,0,da9
,0.992896,vq_track,2,8,copy,4819,0,da9
,0.991126,vq_track,3,8,copy,4819,0,da9
,0.989723,vq_track,4,8,copy,4819,0,da9
,0.988472,vq_track,5,8,copy,4819,0,da9
,0.987333,vq_track,6,8,copy,4819,0,da9
,0.986297,vq_track,7,8,copy,4819,0,da9
,0.985321,vq_track,8,8,copy,4819,0,da9
0.995237,0.993948,vq_track,1,8,mlp_fair,4819,0,da9
0.992896,0.991915,vq_track,2,8,mlp_fair,4819,0,da9
0.991126,0.99015,vq_track,3,8,mlp_fair,4819,0,da9
0.989723,0.988591,vq_track,4,8,mlp_fair,4819,0,da9
0.988472,0.987266,vq_track,5,8,mlp_fair,4819,0,da9
0.987333,0.986285,vq_track,6,8,mlp_fair,4819,0,da9
0.986297,0.985467,vq_track,7,8,mlp_fair,4819,0,da9
0.985321,0.984786,vq_track,8,8,mlp_fair,4819,0,da9
0.995237,0.994878,vq_track,1,8,mlp_residual,4819,0,da9
0.992896,0.992249,vq_track,2,8,mlp_residual,4819,0,da9
0.991126,0.990382,vq_track,3,8,mlp_residual,4819,0,da9
0.989723,0.989017,vq_track,4,8,mlp_residual,4819,0,da9
0.988472,0.987765,vq_track,5,8,mlp_residual,4819,0,da9
0.987333,0.986467,vq_track,6,8,mlp_residual,4819,0,da9
0.986297,0.985439,vq_track,7,8,mlp_residual,4819,0,da9
0.985321,0.984399,vq_track,8,8,mlp_residual,4819,0,da9
0.995237,0.986054,vq_track,1,8,dit_x0,4819,1,da9
0.992896,0.984893,vq_track,2,8,dit_x0,4819,1,da9
0.991126,0.984237,vq_track,3,8,dit_x0,4819,1,da9
0.989723,0.983417,vq_track,4,8,dit_x0,4819,1,da9
0.988472,0.98299,vq_track,5,8,dit_x0,4819,1,da9
0.987333,0.982376,vq_track,6,8,dit_x0,4819,1,da9
0.986297,0.981887,vq_track,7,8,dit_x0,4819,1,da9
0.985321,0.981357,vq_track,8,8,dit_x0,4819,1,da9
,0.995237,vq_track,1,8,copy,4819,1,da9
,0.992896,vq_track,2,8,copy,4819,1,da9
,0.991126,vq_track,3,8,copy,4819,1,da9
,0.989723,vq_track,4,8,copy,4819,1,da9
,0.988472,vq_track,5,8,copy,4819,1,da9
,0.987333,vq_track,6,8,copy,4819,1,da9
,0.986297,vq_track,7,8,copy,4819,1,da9
,0.985321,vq_track,8,8,copy,4819,1,da9
0.995237,0.993918,vq_track,1,8,mlp_fair,4819,1,da9
0.992896,0.991792,vq_track,2,8,mlp_fair,4819,1,da9
0.991126,0.989921,vq_track,3,8,mlp_fair,4819,1,da9
0.989723,0.988535,vq_track,4,8,mlp_fair,4819,1,da9
0.988472,0.987357,vq_track,5,8,mlp_fair,4819,1,da9
0.987333,0.986091,vq_track,6,8,mlp_fair,4819,1,da9
0.986297,0.985062,vq_track,7,8,mlp_fair,4819,1,da9
0.985321,0.984315,vq_track,8,8,mlp_fair,4819,1,da9
0.995237,0.994935,vq_track,1,8,mlp_residual,4819,1,da9
0.992896,0.992228,vq_track,2,8,mlp_residual,4819,1,da9
0.991126,0.990114,vq_track,3,8,mlp_residual,4819,1,da9
0.989723,0.988545,vq_track,4,8,mlp_residual,4819,1,da9
0.988472,0.987406,vq_track,5,8,mlp_residual,4819,1,da9
0.987333,0.986285,vq_track,6,8,mlp_residual,4819,1,da9
0.986297,0.985307,vq_track,7,8,mlp_residual,4819,1,da9
0.985321,0.984371,vq_track,8,8,mlp_residual,4819,1,da9
0.995237,0.981772,vq_track,1,8,dit_x0,4819,2,da9
0.992896,0.98075,vq_track,2,8,dit_x0,4819,2,da9
0.991126,0.979296,vq_track,3,8,dit_x0,4819,2,da9
0.989723,0.978381,vq_track,4,8,dit_x0,4819,2,da9
0.988472,0.977611,vq_track,5,8,dit_x0,4819,2,da9
0.987333,0.977214,vq_track,6,8,dit_x0,4819,2,da9
0.986297,0.976037,vq_track,7,8,dit_x0,4819,2,da9
0.985321,0.975433,vq_track,8,8,dit_x0,4819,2,da9
,0.995237,vq_track,1,8,copy,4819,2,da9
,0.992896,vq_track,2,8,copy,4819,2,da9
,0.991126,vq_track,3,8,copy,4819,2,da9
,0.989723,vq_track,4,8,copy,4819,2,da9
,0.988472,vq_track,5,8,copy,4819,2,da9
,0.987333,vq_track,6,8,copy,4819,2,da9
,0.986297,vq_track,7,8,copy,4819,2,da9
,0.985321,vq_track,8,8,copy,4819,2,da9
0.995237,0.994074,vq_track,1,8,mlp_fair,4819,2,da9
0.992896,0.991972,vq_track,2,8,mlp_fair,4819,2,da9
0.991126,0.990237,vq_track,3,8,mlp_fair,4819,2,da9
0.989723,0.988678,vq_track,4,8,mlp_fair,4819,2,da9
0.988472,0.987141,vq_track,5,8,mlp_fair,4819,2,da9
0.987333,0.986107,vq_track,6,8,mlp_fair,4819,2,da9
0.986297,0.985281,vq_track,7,8,mlp_fair,4819,2,da9
0.985321,0.984266,vq_track,8,8,mlp_fair,4819,2,da9
0.995237,0.995007,vq_track,1,8,mlp_residual,4819,2,da9
0.992896,0.992297,vq_track,2,8,mlp_residual,4819,2,da9
0.991126,0.990233,vq_track,3,8,mlp_residual,4819,2,da9
0.989723,0.988787,vq_track,4,8,mlp_residual,4819,2,da9
0.988472,0.987417,vq_track,5,8,mlp_residual,4819,2,da9
0.987333,0.98622,vq_track,6,8,mlp_residual,4819,2,da9
0.986297,0.985198,vq_track,7,8,mlp_residual,4819,2,da9
0.985321,0.984379,vq_track,8,8,mlp_residual,4819,2,da9
0.99534,0.978277,vq_track,1,16,dit_x0,3619,0,da9
0.992951,0.977092,vq_track,2,16,dit_x0,3619,0,da9
0.991208,0.976422,vq_track,3,16,dit_x0,3619,0,da9
0.989821,0.97586,vq_track,4,16,dit_x0,3619,0,da9
0.988595,0.97517,vq_track,5,16,dit_x0,3619,0,da9
0.987505,0.975183,vq_track,6,16,dit_x0,3619,0,da9
0.986523,0.974616,vq_track,7,16,dit_x0,3619,0,da9
0.98554,0.974295,vq_track,8,16,dit_x0,3619,0,da9
0.984686,0.974496,vq_track,9,16,dit_x0,3619,0,da9
0.98384,0.973711,vq_track,10,16,dit_x0,3619,0,da9
0.983082,0.97283,vq_track,11,16,dit_x0,3619,0,da9
0.982344,0.973573,vq_track,12,16,dit_x0,3619,0,da9
0.981686,0.972752,vq_track,13,16,dit_x0,3619,0,da9
0.980981,0.972033,vq_track,14,16,dit_x0,3619,0,da9
0.980431,0.972108,vq_track,15,16,dit_x0,3619,0,da9
0.979981,0.971451,vq_track,16,16,dit_x0,3619,0,da9
,0.99534,vq_track,1,16,copy,3619,0,da9
,0.992951,vq_track,2,16,copy,3619,0,da9
,0.991208,vq_track,3,16,copy,3619,0,da9
,0.989821,vq_track,4,16,copy,3619,0,da9
,0.988595,vq_track,5,16,copy,3619,0,da9
,0.987505,vq_track,6,16,copy,3619,0,da9
,0.986523,vq_track,7,16,copy,3619,0,da9
,0.98554,vq_track,8,16,copy,3619,0,da9
,0.984686,vq_track,9,16,copy,3619,0,da9
,0.98384,vq_track,10,16,copy,3619,0,da9
,0.983082,vq_track,11,16,copy,3619,0,da9
,0.982344,vq_track,12,16,copy,3619,0,da9
,0.981686,vq_track,13,16,copy,3619,0,da9
,0.980981,vq_track,14,16,copy,3619,0,da9
,0.980431,vq_track,15,16,copy,3619,0,da9
,0.979981,vq_track,16,16,copy,3619,0,da9
0.99534,0.993811,vq_track,1,16,mlp_fair,3619,0,da9
0.992951,0.991674,vq_track,2,16,mlp_fair,3619,0,da9
0.991208,0.99011,vq_track,3,16,mlp_fair,3619,0,da9
0.989821,0.988731,vq_track,4,16,mlp_fair,3619,0,da9
0.988595,0.98757,vq_track,5,16,mlp_fair,3619,0,da9
0.987505,0.986191,vq_track,6,16,mlp_fair,3619,0,da9
0.986523,0.985431,vq_track,7,16,mlp_fair,3619,0,da9
0.98554,0.984525,vq_track,8,16,mlp_fair,3619,0,da9
0.984686,0.984059,vq_track,9,16,mlp_fair,3619,0,da9
0.98384,0.983328,vq_track,10,16,mlp_fair,3619,0,da9
0.983082,0.982849,vq_track,11,16,mlp_fair,3619,0,da9
0.982344,0.982142,vq_track,12,16,mlp_fair,3619,0,da9
0.981686,0.981558,vq_track,13,16,mlp_fair,3619,0,da9
0.980981,0.980799,vq_track,14,16,mlp_fair,3619,0,da9
0.980431,0.980324,vq_track,15,16,mlp_fair,3619,0,da9
0.979981,0.979903,vq_track,16,16,mlp_fair,3619,0,da9
0.99534,0.995029,vq_track,1,16,mlp_residual,3619,0,da9
0.992951,0.992136,vq_track,2,16,mlp_residual,3619,0,da9
0.991208,0.990066,vq_track,3,16,mlp_residual,3619,0,da9
0.989821,0.988716,vq_track,4,16,mlp_residual,3619,0,da9
0.988595,0.987544,vq_track,5,16,mlp_residual,3619,0,da9
0.987505,0.986432,vq_track,6,16,mlp_residual,3619,0,da9
0.986523,0.985687,vq_track,7,16,mlp_residual,3619,0,da9
0.98554,0.984927,vq_track,8,16,mlp_residual,3619,0,da9
0.984686,0.984345,vq_track,9,16,mlp_residual,3619,0,da9
0.98384,0.983505,vq_track,10,16,mlp_residual,3619,0,da9
0.983082,0.982705,vq_track,11,16,mlp_residual,3619,0,da9
0.982344,0.982182,vq_track,12,16,mlp_residual,3619,0,da9
0.981686,0.981782,vq_track,13,16,mlp_residual,3619,0,da9
0.980981,0.981168,vq_track,14,16,mlp_residual,3619,0,da9
0.980431,0.980487,vq_track,15,16,mlp_residual,3619,0,da9
0.979981,0.980019,vq_track,16,16,mlp_residual,3619,0,da9
0.99534,0.983816,vq_track,1,16,dit_x0,3619,1,da9
0.992951,0.982782,vq_track,2,16,dit_x0,3619,1,da9
0.991208,0.981965,vq_track,3,16,dit_x0,3619,1,da9
0.989821,0.981438,vq_track,4,16,dit_x0,3619,1,da9
0.988595,0.980515,vq_track,5,16,dit_x0,3619,1,da9
0.987505,0.980362,vq_track,6,16,dit_x0,3619,1,da9
0.986523,0.979939,vq_track,7,16,dit_x0,3619,1,da9
0.98554,0.979315,vq_track,8,16,dit_x0,3619,1,da9
0.984686,0.978629,vq_track,9,16,dit_x0,3619,1,da9
0.98384,0.978469,vq_track,10,16,dit_x0,3619,1,da9
0.983082,0.978179,vq_track,11,16,dit_x0,3619,1,da9
0.982344,0.977259,vq_track,12,16,dit_x0,3619,1,da9
0.981686,0.976487,vq_track,13,16,dit_x0,3619,1,da9
0.980981,0.977112,vq_track,14,16,dit_x0,3619,1,da9
0.980431,0.976139,vq_track,15,16,dit_x0,3619,1,da9
0.979981,0.975909,vq_track,16,16,dit_x0,3619,1,da9
,0.99534,vq_track,1,16,copy,3619,1,da9
,0.992951,vq_track,2,16,copy,3619,1,da9
,0.991208,vq_track,3,16,copy,3619,1,da9
,0.989821,vq_track,4,16,copy,3619,1,da9
,0.988595,vq_track,5,16,copy,3619,1,da9
,0.987505,vq_track,6,16,copy,3619,1,da9
,0.986523,vq_track,7,16,copy,3619,1,da9
,0.98554,vq_track,8,16,copy,3619,1,da9
,0.984686,vq_track,9,16,copy,3619,1,da9
,0.98384,vq_track,10,16,copy,3619,1,da9
,0.983082,vq_track,11,16,copy,3619,1,da9
,0.982344,vq_track,12,16,copy,3619,1,da9
,0.981686,vq_track,13,16,copy,3619,1,da9
,0.980981,vq_track,14,16,copy,3619,1,da9
,0.980431,vq_track,15,16,copy,3619,1,da9
,0.979981,vq_track,16,16,copy,3619,1,da9
0.99534,0.994057,vq_track,1,16,mlp_fair,3619,1,da9
0.992951,0.991994,vq_track,2,16,mlp_fair,3619,1,da9
0.991208,0.990242,vq_track,3,16,mlp_fair,3619,1,da9
0.989821,0.988805,vq_track,4,16,mlp_fair,3619,1,da9
0.988595,0.987813,vq_track,5,16,mlp_fair,3619,1,da9
0.987505,0.9868,vq_track,6,16,mlp_fair,3619,1,da9
0.986523,0.986022,vq_track,7,16,mlp_fair,3619,1,da9
0.98554,0.985338,vq_track,8,16,mlp_fair,3619,1,da9
0.984686,0.984583,vq_track,9,16,mlp_fair,3619,1,da9
0.98384,0.983901,vq_track,10,16,mlp_fair,3619,1,da9
0.983082,0.983425,vq_track,11,16,mlp_fair,3619,1,da9
0.982344,0.9829,vq_track,12,16,mlp_fair,3619,1,da9
0.981686,0.982137,vq_track,13,16,mlp_fair,3619,1,da9
0.980981,0.981312,vq_track,14,16,mlp_fair,3619,1,da9
0.980431,0.980595,vq_track,15,16,mlp_fair,3619,1,da9
0.979981,0.980385,vq_track,16,16,mlp_fair,3619,1,da9
0.99534,0.995063,vq_track,1,16,mlp_residual,3619,1,da9
0.992951,0.992136,vq_track,2,16,mlp_residual,3619,1,da9
0.991208,0.990139,vq_track,3,16,mlp_residual,3619,1,da9
0.989821,0.988568,vq_track,4,16,mlp_residual,3619,1,da9
0.988595,0.987353,vq_track,5,16,mlp_residual,3619,1,da9
0.987505,0.986599,vq_track,6,16,mlp_residual,3619,1,da9
0.986523,0.98593,vq_track,7,16,mlp_residual,3619,1,da9
0.98554,0.984988,vq_track,8,16,mlp_residual,3619,1,da9
0.984686,0.984302,vq_track,9,16,mlp_residual,3619,1,da9
0.98384,0.983489,vq_track,10,16,mlp_residual,3619,1,da9
0.983082,0.982902,vq_track,11,16,mlp_residual,3619,1,da9
0.982344,0.982159,vq_track,12,16,mlp_residual,3619,1,da9
0.981686,0.98128,vq_track,13,16,mlp_residual,3619,1,da9
0.980981,0.980433,vq_track,14,16,mlp_residual,3619,1,da9
0.980431,0.979852,vq_track,15,16,mlp_residual,3619,1,da9
0.979981,0.979504,vq_track,16,16,mlp_residual,3619,1,da9
0.99534,0.975649,vq_track,1,16,dit_x0,3619,2,da9
0.992951,0.974364,vq_track,2,16,dit_x0,3619,2,da9
0.991208,0.974055,vq_track,3,16,dit_x0,3619,2,da9
0.989821,0.973013,vq_track,4,16,dit_x0,3619,2,da9
0.988595,0.973111,vq_track,5,16,dit_x0,3619,2,da9
0.987505,0.971906,vq_track,6,16,dit_x0,3619,2,da9
0.986523,0.97154,vq_track,7,16,dit_x0,3619,2,da9
0.98554,0.971542,vq_track,8,16,dit_x0,3619,2,da9
0.984686,0.972023,vq_track,9,16,dit_x0,3619,2,da9
0.98384,0.970836,vq_track,10,16,dit_x0,3619,2,da9
0.983082,0.970253,vq_track,11,16,dit_x0,3619,2,da9
0.982344,0.970453,vq_track,12,16,dit_x0,3619,2,da9
0.981686,0.970644,vq_track,13,16,dit_x0,3619,2,da9
0.980981,0.969392,vq_track,14,16,dit_x0,3619,2,da9
0.980431,0.96913,vq_track,15,16,dit_x0,3619,2,da9
0.979981,0.969178,vq_track,16,16,dit_x0,3619,2,da9
,0.99534,vq_track,1,16,copy,3619,2,da9
,0.992951,vq_track,2,16,copy,3619,2,da9
,0.991208,vq_track,3,16,copy,3619,2,da9
,0.989821,vq_track,4,16,copy,3619,2,da9
,0.988595,vq_track,5,16,copy,3619,2,da9
,0.987505,vq_track,6,16,copy,3619,2,da9
,0.986523,vq_track,7,16,copy,3619,2,da9
,0.98554,vq_track,8,16,copy,3619,2,da9
,0.984686,vq_track,9,16,copy,3619,2,da9
,0.98384,vq_track,10,16,copy,3619,2,da9
,0.983082,vq_track,11,16,copy,3619,2,da9
,0.982344,vq_track,12,16,copy,3619,2,da9
,0.981686,vq_track,13,16,copy,3619,2,da9
,0.980981,vq_track,14,16,copy,3619,2,da9
,0.980431,vq_track,15,16,copy,3619,2,da9
,0.979981,vq_track,16,16,copy,3619,2,da9
0.99534,0.993995,vq_track,1,16,mlp_fair,3619,2,da9
0.992951,0.991912,vq_track,2,16,mlp_fair,3619,2,da9
0.991208,0.990056,vq_track,3,16,mlp_fair,3619,2,da9
0.989821,0.988552,vq_track,4,16,mlp_fair,3619,2,da9
0.988595,0.987254,vq_track,5,16,mlp_fair,3619,2,da9
0.987505,0.986413,vq_track,6,16,mlp_fair,3619,2,da9
0.986523,0.985662,vq_track,7,16,mlp_fair,3619,2,da9
0.98554,0.985081,vq_track,8,16,mlp_fair,3619,2,da9
0.984686,0.984425,vq_track,9,16,mlp_fair,3619,2,da9
0.98384,0.983695,vq_track,10,16,mlp_fair,3619,2,da9
0.983082,0.982975,vq_track,11,16,mlp_fair,3619,2,da9
0.982344,0.982508,vq_track,12,16,mlp_fair,3619,2,da9
0.981686,0.981729,vq_track,13,16,mlp_fair,3619,2,da9
0.980981,0.981262,vq_track,14,16,mlp_fair,3619,2,da9
0.980431,0.980815,vq_track,15,16,mlp_fair,3619,2,da9
0.979981,0.980211,vq_track,16,16,mlp_fair,3619,2,da9
0.99534,0.994961,vq_track,1,16,mlp_residual,3619,2,da9
0.992951,0.991949,vq_track,2,16,mlp_residual,3619,2,da9
0.991208,0.98996,vq_track,3,16,mlp_residual,3619,2,da9
0.989821,0.988517,vq_track,4,16,mlp_residual,3619,2,da9
0.988595,0.987398,vq_track,5,16,mlp_residual,3619,2,da9
0.987505,0.986564,vq_track,6,16,mlp_residual,3619,2,da9
0.986523,0.985684,vq_track,7,16,mlp_residual,3619,2,da9
0.98554,0.984705,vq_track,8,16,mlp_residual,3619,2,da9
0.984686,0.984142,vq_track,9,16,mlp_residual,3619,2,da9
0.98384,0.983376,vq_track,10,16,mlp_residual,3619,2,da9
0.983082,0.982489,vq_track,11,16,mlp_residual,3619,2,da9
0.982344,0.98182,vq_track,12,16,mlp_residual,3619,2,da9
0.981686,0.981313,vq_track,13,16,mlp_residual,3619,2,da9
0.980981,0.980763,vq_track,14,16,mlp_residual,3619,2,da9
0.980431,0.980136,vq_track,15,16,mlp_residual,3619,2,da9
0.979981,0.979575,vq_track,16,16,mlp_residual,3619,2,da9
